module,kind,absmax_fp32,absmax_fp16,headroom,nan_fp16,inf_fp16,tiny_frac_fp16
model.language_model.embed_tokens,model.language_model.embed_tokens,0.11962890625,0.11962890625,547559.9673469388,0,0,0.0042903434981547035
model.visual.patch_embed.proj,model.visual.patch_embed.proj,10.817256927490234,10.8203125,6053.799277978339,0,0,0.00047023179600809894
model.visual.rotary_pos_emb,model.visual.rotary_pos_emb,1.0,1.0,65504.0,0,0,0.0
model.visual.blocks.0.norm1,model.visual.blocks.*.norm1,7.203083515167236,7.203125,9093.830802603037,0,0,0.006622868260813467
model.visual.blocks.0.attn.qkv,model.visual.blocks.*.attn.qkv,6.97993803024292,6.98046875,9383.897034135423,0,0,0.00025960249303584305
model.visual.blocks.0.attn.proj,model.visual.blocks.*.attn.proj,5.931692600250244,5.93359375,11039.515470704411,0,0,0.0006341675950830736
model.visual.blocks.0.norm2,model.visual.blocks.*.norm2,9.773662567138672,9.7734375,6702.247801758593,0,0,9.50295707862715e-05
model.visual.blocks.0.mlp.gate_proj,model.visual.blocks.*.mlp.gate_proj,5.980676651000977,5.98046875,10952.987589810582,0,0,0.0001461364353708709
model.visual.blocks.0.mlp.act_fn,model.visual.blocks.*.mlp.act_fn,5.116383075714111,5.11328125,12810.560733384264,0,0,0.00029325813193085536
model.visual.blocks.0.mlp.up_proj,model.visual.blocks.*.mlp.up_proj,7.1408305168151855,7.140625,9173.42669584245,0,0,0.00017513997093494002
model.visual.blocks.0.mlp.down_proj,model.visual.blocks.*.mlp.down_proj,14.050416946411133,14.046875,4663.2436040044495,0,0,0.00036012062796514284
model.visual.blocks.0,model.visual.blocks.*,15.69517707824707,15.6875,4175.553784860558,0,0,9.566927863906147e-05
model.visual.blocks.1.norm1,model.visual.blocks.*.norm1,12.463862419128418,12.46875,5253.453634085213,0,0,0.00027468667497072076
model.visual.blocks.1.attn.qkv,model.visual.blocks.*.attn.qkv,7.189393043518066,7.19140625,9108.649646931015,0,0,0.000193376576033375
model.visual.blocks.1.attn.proj,model.visual.blocks.*.attn.proj,3.482621192932129,3.482421875,18809.897924845765,0,0,0.0004099441771542569
model.visual.blocks.1.norm2,model.visual.blocks.*.norm2,19.612520217895508,19.59375,3343.1068580542264,0,0,0.00012413821659685968
model.visual.blocks.1.mlp.gate_proj,model.visual.blocks.*.mlp.gate_proj,6.981686592102051,6.98046875,9383.897034135423,0,0,0.00017299387182050845
model.visual.blocks.1.mlp.act_fn,model.visual.blocks.*.mlp.act_fn,5.127770900726318,5.12109375,12791.017543859649,0,0,0.00034594131012400417
model.visual.blocks.1.mlp.up_proj,model.visual.blocks.*.mlp.up_proj,6.762760639190674,6.765625,9681.884526558892,0,0,0.00017997050775166938
model.visual.blocks.1.mlp.down_proj,model.visual.blocks.*.mlp.down_proj,7.661881923675537,7.6640625,8546.903160040774,0,0,0.0004072496501379598
model.visual.blocks.1,model.visual.blocks.*,23.952770233154297,23.9375,2736.45953002611,0,0,6.960796841812732e-05
model.visual.blocks.2.norm1,model.visual.blocks.*.norm1,12.77010726928711,12.7734375,5128.141896024465,0,0,0.001423830722601584
model.visual.blocks.2.attn.qkv,model.visual.blocks.*.attn.qkv,8.292399406433105,8.2890625,7902.461828463714,0,0,0.00015750253505237178
model.visual.blocks.2.attn.proj,model.visual.blocks.*.attn.proj,2.928978204727173,2.9296875,22358.698666666667,0,0,0.00039328075684340075
model.visual.blocks.2.norm2,model.visual.blocks.*.norm2,10.462044715881348,10.453125,6266.451420029895,0,0,7.004219435456657e-05
model.visual.blocks.2.mlp.gate_proj,model.visual.blocks.*.mlp.gate_proj,6.588350772857666,6.58984375,9940.14463544754,0,0,0.00012597848479772457
model.visual.blocks.2.mlp.act_fn,model.visual.blocks.*.mlp.act_fn,4.83964204788208,4.83984375,13534.321226795802,0,0,0.00025175817610073847
model.visual.blocks.2.mlp.up_proj,model.visual.blocks.*.mlp.up_proj,5.512540340423584,5.51171875,11884.49610205528,0,0,0.0001434302319574734
model.visual.blocks.2.mlp.down_proj,model.visual.blocks.*.mlp.down_proj,8.002572059631348,8.0078125,8180.011707317073,0,0,0.00040875005582904895
model.visual.blocks.2,model.visual.blocks.*,26.26329803466797,26.265625,2493.906008328376,0,0,5.89965720963932e-05
model.visual.blocks.3.norm1,model.visual.blocks.*.norm1,20.37742042541504,20.375,3214.920245398773,0,0,0.0002803703823173274
model.visual.blocks.3.attn.qkv,model.visual.blocks.*.attn.qkv,12.560761451721191,12.5625,5214.248756218905,0,0,0.00014252561726250736
model.visual.blocks.3.attn.proj,model.visual.blocks.*.attn.proj,1.8406662940979004,1.8408203125,35584.13580901857,0,0,0.00033574194324791074
model.visual.blocks.3.norm2,model.visual.blocks.*.norm2,8.459689140319824,8.4765625,7727.6608294930875,0,0,4.823009508307363e-05
model.visual.blocks.3.mlp.gate_proj,model.visual.blocks.*.mlp.gate_proj,5.442992210388184,5.44140625,12038.064608758075,0,0,0.00013216139779744933
model.visual.blocks.3.mlp.act_fn,model.visual.blocks.*.mlp.act_fn,4.864284992218018,4.86328125,13469.095582329317,0,0,0.00026400066307062295
model.visual.blocks.3.mlp.up_proj,model.visual.blocks.*.mlp.up_proj,5.837793350219727,5.83984375,11216.738461538462,0,0,0.00013200323363012477
model.visual.blocks.3.mlp.down_proj,model.visual.blocks.*.mlp.down_proj,7.03801155090332,7.03515625,9310.95169350361,0,0,0.0003325589120531195
model.visual.blocks.3,model.visual.blocks.*,29.86556625366211,29.875,2192.602510460251,0,0,4.07939759215515e-05
model.visual.blocks.4.norm1,model.visual.blocks.*.norm1,26.861326217651367,26.875,2437.358139534884,0,0,0.00016654503171089981
model.visual.blocks.4.attn.qkv,model.visual.blocks.*.attn.qkv,12.671793937683105,12.6640625,5172.431832202345,0,0,0.0001241278778840873
model.visual.blocks.4.attn.proj,model.visual.blocks.*.attn.proj,2.3895013332366943,2.388671875,27422.770237121833,0,0,0.0003380952927427199
model.visual.blocks.4.norm2,model.visual.blocks.*.norm2,8.031682014465332,8.03125,8156.140077821012,0,0,4.563637051630704e-05
model.visual.blocks.4.mlp.gate_proj,model.visual.blocks.*.mlp.gate_proj,5.672578811645508,5.671875,11548.914600550965,0,0,0.00011204407655168915
model.visual.blocks.4.mlp.act_fn,model.visual.blocks.*.mlp.act_fn,5.052178859710693,5.0546875,12959.06027820711,0,0,0.00022362672002806442
model.visual.blocks.4.mlp.up_proj,model.visual.blocks.*.mlp.up_proj,4.80851936340332,4.80859375,13622.277822908205,0,0,0.00012784743385748647
model.visual.blocks.4.mlp.down_proj,model.visual.blocks.*.mlp.down_proj,4.341767311096191,4.34375,15080.057553956834,0,0,0.0003760241528872303
model.visual.blocks.4,model.visual.blocks.*,33.460845947265625,33.46875,1957.169000933707,0,0,3.926643110943486e-05
model.visual.blocks.5.norm1,model.visual.blocks.*.norm1,22.66370391845703,22.65625,2891.211034482759,0,0,7.950987057585803e-05
model.visual.blocks.5.attn.qkv,model.visual.blocks.*.attn.qkv,11.357881546020508,11.359375,5766.514442916094,0,0,0.0001158633693616796
model.visual.blocks.5.attn.proj,model.visual.blocks.*.attn.proj,1.5389386415481567,1.5390625,42560.97461928934,0,0,0.0003481910457649324
model.visual.blocks.5.norm2,model.visual.blocks.*.norm2,8.180185317993164,8.1796875,8008.129894937918,0,0,5.3239201421283525e-05
model.visual.blocks.5.mlp.gate_proj,model.visual.blocks.*.mlp.gate_proj,6.001418590545654,6.0,10917.333333333334,0,0,0.00012162389153037559
model.visual.blocks.5.mlp.act_fn,model.visual.blocks.*.mlp.act_fn,5.986600399017334,5.984375,10945.83812010444,0,0,0.00024324923410815781
model.visual.blocks.5.mlp.up_proj,model.visual.blocks.*.mlp.up_proj,6.5946784019470215,6.59375,9934.255924170617,0,0,0.00012470591622209477
model.visual.blocks.5.mlp.down_proj,model.visual.blocks.*.mlp.down_proj,8.202591896057129,8.1953125,7992.861773117254,0,0,0.00028824460443257837
model.visual.blocks.5,model.visual.blocks.*,35.62662124633789,35.625,1838.7087719298245,0,0,2.436705366536316e-05
model.visual.blocks.6.norm1,model.visual.blocks.*.norm1,18.365711212158203,18.359375,3567.8774468085107,0,0,5.060670668162058e-05
model.visual.blocks.6.attn.qkv,model.visual.blocks.*.attn.qkv,9.198724746704102,9.1953125,7123.629566694987,0,0,9.956826569333889e-05
model.visual.blocks.6.attn.proj,model.visual.blocks.*.attn.proj,1.866063117980957,1.8642578125,35136.77108433735,0,0,0.0003284919209162912
model.visual.blocks.6.norm2,model.visual.blocks.*.norm2,9.29771614074707,9.296875,7045.808403361345,0,0,5.7527182543621095e-05
model.visual.blocks.6.mlp.gate_proj,model.visual.blocks.*.mlp.gate_proj,6.059601783752441,6.0625,10804.783505154639,0,0,6.968219856202362e-05
model.visual.blocks.6.mlp.act_fn,model.visual.blocks.*.mlp.act_fn,6.045483589172363,6.046875,10832.70284237726,0,0,0.00014012619701253716
model.visual.blocks.6.mlp.up_proj,model.visual.blocks.*.mlp.up_proj,7.378997325897217,7.375,8881.898305084746,0,0,0.00011727945559487313
model.visual.blocks.6.mlp.down_proj,model.visual.blocks.*.mlp.down_proj,4.826681137084961,4.828125,13567.171521035598,0,0,0.0003752138562736963
model.visual.blocks.6,model.visual.blocks.*,38.060218811035156,38.03125,1722.3730484798684,0,0,2.691425402465411e-05
model.visual.blocks.7.norm1,model.visual.blocks.*.norm1,28.9816951751709,28.984375,2259.9762803234503,0,0,6.0020104660857134e-05
model.visual.blocks.7.attn.qkv,model.visual.blocks.*.attn.qkv,12.196721076965332,12.1953125,5371.244074311339,0,0,6.710212290992583e-05
model.visual.blocks.7.attn.proj,model.visual.blocks.*.attn.proj,3.3827154636383057,3.3828125,19363.769053117783,0,0,0.00015427814900649105
model.visual.blocks.7.norm2,model.visual.blocks.*.norm2,12.658217430114746,12.65625,5175.624691358024,0,0,3.1663600204458384e-05
model.visual.blocks.7.mlp.gate_proj,model.visual.blocks.*.mlp.gate_proj,7.211782455444336,7.2109375,9083.978331527627,0,0,8.64592086776814e-05
model.visual.blocks.7.mlp.act_fn,model.visual.blocks.*.mlp.act_fn,7.206465721130371,7.20703125,9088.90189701897,0,0,0.0001723931381941564
model.visual.blocks.7.mlp.up_proj,model.visual.blocks.*.mlp.up_proj,6.931289196014404,6.9296875,9452.662908680946,0,0,0.00010294746035941632
model.visual.blocks.7.mlp.down_proj,model.visual.blocks.*.mlp.down_proj,9.298927307128906,9.3046875,7039.892527287993,0,0,0.0002782767929809238
model.visual.blocks.7,model.visual.blocks.*,42.728572845458984,42.71875,1533.3782004389172,0,0,1.677585381225559e-05
model.visual.blocks.8.norm1,model.visual.blocks.*.norm1,23.80750846862793,23.796875,2752.6303348653973,0,0,4.798584299382655e-05
model.visual.blocks.8.attn.qkv,model.visual.blocks.*.attn.qkv,11.091976165771484,11.09375,5904.585915492958,0,0,9.145108382793735e-05
model.visual.blocks.8.attn.proj,model.visual.blocks.*.attn.proj,3.7874903678894043,3.787109375,17296.569365652398,0,0,0.00023448200567719395
model.visual.blocks.8.norm2,model.visual.blocks.*.norm2,14.684473037719727,14.6796875,4462.220329962746,0,0,3.951068319868194e-05
model.visual.blocks.8.mlp.gate_proj,model.visual.blocks.*.mlp.gate_proj,7.241262435913086,7.2421875,9044.781014023732,0,0,9.459378043934697e-05
model.visual.blocks.8.mlp.act_fn,model.visual.blocks.*.mlp.act_fn,7.236078262329102,7.23828125,9049.662169454938,0,0,0.0001889786100521367
model.visual.blocks.8.mlp.up_proj,model.visual.blocks.*.mlp.up_proj,6.26987886428833,6.265625,10454.503740648379,0,0,0.0001014731961942625
model.visual.blocks.8.mlp.down_proj,model.visual.blocks.*.mlp.down_proj,10.803777694702148,10.8046875,6062.553868402025,0,0,0.0002177410450205451
model.visual.blocks.8,model.visual.blocks.*,49.244937896728516,49.25,1330.030456852792,0,0,1.269723162355837e-05
model.visual.blocks.9.norm1,model.visual.blocks.*.norm1,17.703968048095703,17.71875,3696.874779541446,0,0,3.5881795015582505e-05
model.visual.blocks.9.attn.qkv,model.visual.blocks.*.attn.qkv,12.892316818237305,12.890625,5081.522424242425,0,0,8.610338464643257e-05
model.visual.blocks.9.attn.proj,model.visual.blocks.*.attn.proj,4.566991806030273,4.56640625,14344.759623609923,0,0,0.00024161184047283483
model.visual.blocks.9.norm2,model.visual.blocks.*.norm2,13.156842231750488,13.15625,4978.926365795724,0,0,3.5703452220259246e-05
model.visual.blocks.9.mlp.gate_proj,model.visual.blocks.*.mlp.gate_proj,6.767185211181641,6.765625,9681.884526558892,0,0,8.566258365143195e-05
model.visual.blocks.9.mlp.act_fn,model.visual.blocks.*.mlp.act_fn,6.4543304443359375,6.453125,10150.740920096852,0,0,0.0001709580523089821
model.visual.blocks.9.mlp.up_proj,model.visual.blocks.*.mlp.up_proj,8.205801010131836,8.2109375,7977.651760228354,0,0,9.660348109755369e-05
model.visual.blocks.9.mlp.down_proj,model.visual.blocks.*.mlp.down_proj,10.38325309753418,10.390625,6304.144360902255,0,0,0.0002924860613474403
model.visual.blocks.9,model.visual.blocks.*,53.0106315612793,53.03125,1235.1962286387743,0,0,1.5674780901998927e-05
model.visual.blocks.10.norm1,model.visual.blocks.*.norm1,15.212785720825195,15.2109375,4306.374935798664,0,0,3.85840760664589e-05
model.visual.blocks.10.attn.qkv,model.visual.blocks.*.attn.qkv,14.183928489685059,14.1796875,4619.565840220385,0,0,8.15194578709861e-05
model.visual.blocks.10.attn.proj,model.visual.blocks.*.attn.proj,2.732573986053467,2.732421875,23972.872051465332,0,0,0.00023742853881731743
model.visual.blocks.10.norm2,model.visual.blocks.*.norm2,13.105978965759277,13.09375,5002.692124105012,0,0,3.1555043720348575e-05
model.visual.blocks.10.mlp.gate_proj,model.visual.blocks.*.mlp.gate_proj,6.712796688079834,6.7109375,9760.782305005821,0,0,7.832608796342246e-05
model.visual.blocks.10.mlp.act_fn,model.visual.blocks.*.mlp.act_fn,6.704648971557617,6.703125,9772.158508158509,0,0,0.0001567029625860776
model.visual.blocks.10.mlp.up_proj,model.visual.blocks.*.mlp.up_proj,6.671647071838379,6.66796875,9823.681312243702,0,0,9.06367741614194e-05
model.visual.blocks.10.mlp.down_proj,model.visual.blocks.*.mlp.down_proj,9.206768035888672,9.203125,7117.58234295416,0,0,0.0002775091435575759
model.visual.blocks.10,model.visual.blocks.*,53.653297424316406,53.65625,1220.808386721025,0,0,1.4317824850626277e-05
model.visual.blocks.11.norm1,model.visual.blocks.*.norm1,16.455612182617188,16.453125,3981.249762583096,0,0,3.318726799928539e-05
model.visual.blocks.11.attn.qkv,model.visual.blocks.*.attn.qkv,15.594956398010254,15.6015625,4198.553830746119,0,0,7.73387408936618e-05
model.visual.blocks.11.attn.proj,model.visual.blocks.*.attn.proj,3.028176784515381,3.029296875,21623.499677627336,0,0,0.00021319718075709152
model.visual.blocks.11.norm2,model.visual.blocks.*.norm2,13.168827056884766,13.15625,4978.926365795724,0,0,2.7953294658276594e-05
model.visual.blocks.11.mlp.gate_proj,model.visual.blocks.*.mlp.gate_proj,8.094635963439941,8.09375,8093.158301158302,0,0,7.735098410615538e-05
model.visual.blocks.11.mlp.act_fn,model.visual.blocks.*.mlp.act_fn,8.092166900634766,8.09375,8093.158301158302,0,0,0.00015480644362558937
model.visual.blocks.11.mlp.up_proj,model.visual.blocks.*.mlp.up_proj,7.141143798828125,7.140625,9173.42669584245,0,0,8.202335675556015e-05
model.visual.blocks.11.mlp.down_proj,model.visual.blocks.*.mlp.down_proj,9.434062004089355,9.4375,6940.82119205298,0,0,0.00022073022535085455
model.visual.blocks.11,model.visual.blocks.*,50.954078674316406,50.9375,1285.9680981595093,0,0,1.037489826706632e-05
model.visual.blocks.12.norm1,model.visual.blocks.*.norm1,16.180278778076172,16.171875,4050.488888888889,0,0,2.6386979673263592e-05
model.visual.blocks.12.attn.qkv,model.visual.blocks.*.attn.qkv,16.4864444732666,16.5,3969.939393939394,0,0,7.475277036147449e-05
model.visual.blocks.12.attn.proj,model.visual.blocks.*.attn.proj,2.94861102104187,2.947265625,22225.346587143802,0,0,0.00020460958746054748
model.visual.blocks.12.norm2,model.visual.blocks.*.norm2,14.737610816955566,14.7421875,4443.302596714361,0,0,2.2789107628481253e-05
model.visual.blocks.12.mlp.gate_proj,model.visual.blocks.*.mlp.gate_proj,8.88160228729248,8.875,7380.732394366197,0,0,7.454175632688593e-05
model.visual.blocks.12.mlp.act_fn,model.visual.blocks.*.mlp.act_fn,8.880369186401367,8.875,7380.732394366197,0,0,0.00014953623944464586
model.visual.blocks.12.mlp.up_proj,model.visual.blocks.*.mlp.up_proj,11.808015823364258,11.8046875,5548.982131039047,0,0,7.44126131076943e-05
model.visual.blocks.12.mlp.down_proj,model.visual.blocks.*.mlp.down_proj,24.771747589111328,24.765625,2644.9564668769717,0,0,0.00019452158847291421
model.visual.blocks.12,model.visual.blocks.*,66.22413635253906,66.1875,989.6732766761095,0,0,8.932647835321675e-06
model.visual.blocks.13.norm1,model.visual.blocks.*.norm1,17.70737075805664,17.703125,3700.137687555163,0,0,2.1234423695337157e-05
model.visual.blocks.13.attn.qkv,model.visual.blocks.*.attn.qkv,11.944572448730469,11.9453125,5483.65729234794,0,0,7.194839452197101e-05
model.visual.blocks.13.attn.proj,model.visual.blocks.*.attn.proj,3.323767900466919,3.326171875,19693.510275983557,0,0,0.00018456153105583898
model.visual.blocks.13.norm2,model.visual.blocks.*.norm2,16.808395385742188,16.8125,3896.1486988847582,0,0,2.003642535283959e-05
model.visual.blocks.13.mlp.gate_proj,model.visual.blocks.*.mlp.gate_proj,8.965744972229004,8.9609375,7309.949433304272,0,0,7.317196757501074e-05
model.visual.blocks.13.mlp.act_fn,model.visual.blocks.*.mlp.act_fn,8.964600563049316,8.9609375,7309.949433304272,0,0,0.00014696208134525328
model.visual.blocks.13.mlp.up_proj,model.visual.blocks.*.mlp.up_proj,25.791515350341797,25.796875,2539.2222895215023,0,0,7.043819426088695e-05
model.visual.blocks.13.mlp.down_proj,model.visual.blocks.*.mlp.down_proj,19.14400863647461,19.171875,3416.6715566422167,0,0,0.00017005373235802053
model.visual.blocks.13,model.visual.blocks.*,79.82318115234375,79.8125,820.7235708692248,0,0,7.920746322726642e-06
model.visual.blocks.14.norm1,model.visual.blocks.*.norm1,17.388824462890625,17.390625,3766.627133872417,0,0,1.7811017428588442e-05
model.visual.blocks.14.attn.qkv,model.visual.blocks.*.attn.qkv,12.698332786560059,12.703125,5156.526445264452,0,0,6.697676601756092e-05
model.visual.blocks.14.attn.proj,model.visual.blocks.*.attn.proj,8.532991409301758,8.53125,7678.124542124542,0,0,0.00016917752645056276
model.visual.blocks.14.norm2,model.visual.blocks.*.norm2,15.13848876953125,15.1328125,4328.607124419205,0,0,1.89004592869762e-05
model.visual.blocks.14.mlp.gate_proj,model.visual.blocks.*.mlp.gate_proj,11.731756210327148,11.7265625,5585.950699533644,0,0,7.237534254876129e-05
model.visual.blocks.14.mlp.act_fn,model.visual.blocks.*.mlp.act_fn,11.73166275024414,11.7265625,5585.950699533644,0,0,0.00014471005577013644
model.visual.blocks.14.mlp.up_proj,model.visual.blocks.*.mlp.up_proj,9.839847564697266,9.8359375,6659.66004765687,0,0,6.337304443792054e-05
model.visual.blocks.14.mlp.down_proj,model.visual.blocks.*.mlp.down_proj,41.8455696105957,41.8125,1566.6128550074739,0,0,0.0001180164062965242
model.visual.blocks.14,model.visual.blocks.*,108.61756896972656,108.625,603.0287686996547,0,0,5.043999493816623e-06
model.visual.blocks.15.norm1,model.visual.blocks.*.norm1,18.834205627441406,18.859375,3473.2858326429164,0,0,8.62636346944042e-06
model.visual.blocks.15.attn.qkv,model.visual.blocks.*.attn.qkv,13.192159652709961,13.1875,4967.127962085308,0,0,4.1685689898167814e-05
model.visual.blocks.15.attn.proj,model.visual.blocks.*.attn.proj,6.110565185546875,6.109375,10721.882352941177,0,0,9.05554928340314e-05
model.visual.blocks.15.norm2,model.visual.blocks.*.norm2,14.352933883666992,14.3515625,4564.241698421339,0,0,1.0479577733886495e-05
model.visual.blocks.15.mlp.gate_proj,model.visual.blocks.*.mlp.gate_proj,21.42176628112793,21.421875,3057.80889861415,0,0,6.576291951666887e-05
model.visual.blocks.15.mlp.act_fn,model.visual.blocks.*.mlp.act_fn,21.42176628112793,21.421875,3057.80889861415,0,0,0.00013113695832835625
model.visual.blocks.15.mlp.up_proj,model.visual.blocks.*.mlp.up_proj,61.201820373535156,61.21875,1069.9989790709546,0,0,5.7738627357908504e-05
model.visual.blocks.15.mlp.down_proj,model.visual.blocks.*.mlp.down_proj,942.0269775390625,941.5,69.5740839086564,0,0,0.00010679244124302757
model.visual.blocks.15,model.visual.blocks.*,997.847412109375,997.5,65.66817042606516,0,0,3.652150286837247e-06
model.visual.blocks.16.norm1,model.visual.blocks.*.norm1,18.71517562866211,18.71875,3499.3789649415694,0,0,1.1506987315640073e-05
model.visual.blocks.16.attn.qkv,model.visual.blocks.*.attn.qkv,12.790040969848633,12.7890625,5121.876603543066,0,0,5.62115813433379e-05
model.visual.blocks.16.attn.proj,model.visual.blocks.*.attn.proj,11.5792875289917,11.5703125,5661.3855503038485,0,0,0.00013778919447366854
model.visual.blocks.16.norm2,model.visual.blocks.*.norm2,16.259546279907227,16.265625,4027.1431316042267,0,0,1.4279054677729917e-05
model.visual.blocks.16.mlp.gate_proj,model.visual.blocks.*.mlp.gate_proj,12.786576271057129,12.96875,5050.910843373494,0,0,6.763041752902415e-05
model.visual.blocks.16.mlp.act_fn,model.visual.blocks.*.mlp.act_fn,12.461681365966797,12.453125,5260.045169385195,0,0,0.00013563375424155668
model.visual.blocks.16.mlp.up_proj,model.visual.blocks.*.mlp.up_proj,37.9439811706543,37.9375,1726.6293245469521,0,0,5.9936964178979384e-05
model.visual.blocks.16.mlp.down_proj,model.visual.blocks.*.mlp.down_proj,456.4774169921875,456.0,143.64912280701753,0,0,0.00010740888699207972
model.visual.blocks.16,model.visual.blocks.*,1083.805419921875,1084.0,60.428044280442805,0,0,3.776214840105604e-06
model.visual.blocks.17.norm1,model.visual.blocks.*.norm1,18.859216690063477,18.890625,3467.5401157981805,0,0,1.2549904966552197e-05
model.visual.blocks.17.attn.qkv,model.visual.blocks.*.attn.qkv,12.675353050231934,12.671875,5169.24290998767,0,0,5.819790653472815e-05
model.visual.blocks.17.attn.proj,model.visual.blocks.*.attn.proj,24.73768424987793,24.734375,2648.298168035376,0,0,0.0001518588902177581
model.visual.blocks.17.norm2,model.visual.blocks.*.norm2,19.93185043334961,19.953125,3282.894283476899,0,0,1.547317600293785e-05
model.visual.blocks.17.mlp.gate_proj,model.visual.blocks.*.mlp.gate_proj,86.66735076904297,86.6875,755.633741888969,0,0,6.019815271217592e-05
model.visual.blocks.17.mlp.act_fn,model.visual.blocks.*.mlp.act_fn,64.46550750732422,64.25,1019.5175097276265,0,0,0.00017465822319593307
model.visual.blocks.17.mlp.up_proj,model.visual.blocks.*.mlp.up_proj,214.35385131835938,214.375,305.5580174927114,0,0,5.937540883260682e-05
model.visual.blocks.17.mlp.down_proj,model.visual.blocks.*.mlp.down_proj,13078.34765625,13080.0,5.007951070336391,0,0,0.0001204938203446017
model.visual.blocks.17,model.visual.blocks.*,13118.9306640625,13120.0,4.992682926829269,0,0,3.931295531691049e-06
model.visual.blocks.18.norm1,model.visual.blocks.*.norm1,23.563308715820312,23.5625,2780.0106100795756,0,0,4.110026028743276e-05
model.visual.blocks.18.attn.qkv,model.visual.blocks.*.attn.qkv,13.893959045410156,13.890625,4715.69853768279,0,0,5.973449772052061e-05
model.visual.blocks.18.attn.proj,model.visual.blocks.*.attn.proj,5.013372421264648,5.01171875,13070.166796570538,0,0,0.00017876539020783295
model.visual.blocks.18.norm2,model.visual.blocks.*.norm2,13.671842575073242,13.703125,4780.223489167617,0,0,4.6822737806935705e-05
model.visual.blocks.18.mlp.gate_proj,model.visual.blocks.*.mlp.gate_proj,10.36016845703125,10.359375,6323.161387631976,0,0,5.7333785131453864e-05
model.visual.blocks.18.mlp.act_fn,model.visual.blocks.*.mlp.act_fn,10.359840393066406,10.359375,6323.161387631976,0,0,0.00011503468525678954
model.visual.blocks.18.mlp.up_proj,model.visual.blocks.*.mlp.up_proj,9.423552513122559,9.421875,6952.331674958541,0,0,6.499531543855238e-05
model.visual.blocks.18.mlp.down_proj,model.visual.blocks.*.mlp.down_proj,7.311309814453125,7.3046875,8967.392513368985,0,0,0.00013731619836433292
model.visual.blocks.18,model.visual.blocks.*,13120.275390625,13120.0,4.992682926829269,0,0,4.27247305317903e-06
model.visual.blocks.19.norm1,model.visual.blocks.*.norm1,25.451488494873047,25.59375,2559.3748473748474,0,0,4.244946230422614e-05
model.visual.blocks.19.attn.qkv,model.visual.blocks.*.attn.qkv,14.79454231262207,14.796875,4426.880675818374,0,0,6.041814510259311e-05
model.visual.blocks.19.attn.proj,model.visual.blocks.*.attn.proj,6.027352809906006,6.03125,10860.766839378239,0,0,0.00017468289100184607
model.visual.blocks.19.norm2,model.visual.blocks.*.norm2,12.329330444335938,12.3203125,5316.7482561826255,0,0,4.6299340472834826e-05
model.visual.blocks.19.mlp.gate_proj,model.visual.blocks.*.mlp.gate_proj,10.673748016357422,10.6640625,6142.499633699634,0,0,4.634645416831941e-05
model.visual.blocks.19.mlp.act_fn,model.visual.blocks.*.mlp.act_fn,9.34105110168457,9.34375,7010.461538461538,0,0,9.27901285128842e-05
model.visual.blocks.19.mlp.up_proj,model.visual.blocks.*.mlp.up_proj,12.097393989562988,12.09375,5416.35142118863,0,0,6.623741201864259e-05
model.visual.blocks.19.mlp.down_proj,model.visual.blocks.*.mlp.down_proj,8.533137321472168,8.5390625,7671.099725526075,0,0,0.0001713176399944419
model.visual.blocks.19,model.visual.blocks.*,13121.9658203125,13120.0,4.992682926829269,0,0,4.598142505508466e-06
model.visual.blocks.20.norm1,model.visual.blocks.*.norm1,25.62364387512207,25.625,2556.2536585365856,0,0,4.1522855172003097e-05
model.visual.blocks.20.attn.qkv,model.visual.blocks.*.attn.qkv,13.860736846923828,13.859375,4726.331454340473,0,0,6.188236529897903e-05
model.visual.blocks.20.attn.proj,model.visual.blocks.*.attn.proj,6.182798862457275,6.1875,10586.505050505051,0,0,0.00018874095569406673
model.visual.blocks.20.norm2,model.visual.blocks.*.norm2,11.71955394744873,11.7265625,5585.950699533644,0,0,4.667541114992953e-05
model.visual.blocks.20.mlp.gate_proj,model.visual.blocks.*.mlp.gate_proj,11.283677101135254,11.2890625,5802.430449826989,0,0,4.894237797881169e-05
model.visual.blocks.20.mlp.act_fn,model.visual.blocks.*.mlp.act_fn,11.283535957336426,11.2890625,5802.430449826989,0,0,9.802550755606818e-05
model.visual.blocks.20.mlp.up_proj,model.visual.blocks.*.mlp.up_proj,10.616518020629883,10.6171875,6169.618837380427,0,0,6.563377629747726e-05
model.visual.blocks.20.mlp.down_proj,model.visual.blocks.*.mlp.down_proj,10.872477531433105,10.859375,6032.023021582734,0,0,0.00015852735995593227
model.visual.blocks.20,model.visual.blocks.*,13123.9033203125,13120.0,4.992682926829269,0,0,4.280227087758303e-06
model.visual.blocks.21.norm1,model.visual.blocks.*.norm1,24.075273513793945,24.078125,2720.4776119402986,0,0,4.1340635359390195e-05
model.visual.blocks.21.attn.qkv,model.visual.blocks.*.attn.qkv,18.413267135620117,18.421875,3555.7726887192534,0,0,6.194827459290284e-05
model.visual.blocks.21.attn.proj,model.visual.blocks.*.attn.proj,5.713958740234375,5.71484375,11462.080656185919,0,0,0.0001924163680846418
model.visual.blocks.21.norm2,model.visual.blocks.*.norm2,13.269137382507324,13.265625,4937.875147232037,0,0,4.336056136729063e-05
model.visual.blocks.21.mlp.gate_proj,model.visual.blocks.*.mlp.gate_proj,13.094437599182129,13.0703125,5011.662881052002,0,0,6.842994465008688e-05
model.visual.blocks.21.mlp.act_fn,model.visual.blocks.*.mlp.act_fn,11.457425117492676,11.453125,5719.31241473397,0,0,0.00013654501201293127
model.visual.blocks.21.mlp.up_proj,model.visual.blocks.*.mlp.up_proj,13.644879341125488,13.640625,4802.126002290951,0,0,6.605893318762496e-05
model.visual.blocks.21.mlp.down_proj,model.visual.blocks.*.mlp.down_proj,15.964818954467773,15.984375,4098.001955034213,0,0,0.0001402627315044564
model.visual.blocks.21,model.visual.blocks.*,13126.4111328125,13120.0,4.992682926829269,0,0,3.2295554022669075e-06
model.visual.blocks.22.norm1,model.visual.blocks.*.norm1,26.508150100708008,26.515625,2470.3924572775486,0,0,3.975493528792901e-05
model.visual.blocks.22.attn.qkv,model.visual.blocks.*.attn.qkv,14.622239112854004,14.6171875,4481.299839657937,0,0,6.265259940052007e-05
model.visual.blocks.22.attn.proj,model.visual.blocks.*.attn.proj,5.623208522796631,5.6171875,11661.351877607789,0,0,0.00020907978839549796
model.visual.blocks.22.norm2,model.visual.blocks.*.norm2,14.708450317382812,14.71875,4450.377919320595,0,0,4.3186095589257e-05
model.visual.blocks.22.mlp.gate_proj,model.visual.blocks.*.mlp.gate_proj,11.54492473602295,11.5390625,5676.7176709546375,0,0,4.3186072916641274e-05
model.visual.blocks.22.mlp.act_fn,model.visual.blocks.*.mlp.act_fn,11.54481315612793,11.5390625,5676.7176709546375,0,0,8.65941560864996e-05
model.visual.blocks.22.mlp.up_proj,model.visual.blocks.*.mlp.up_proj,10.504291534423828,10.5078125,6233.837918215613,0,0,6.420159250711622e-05
model.visual.blocks.22.mlp.down_proj,model.visual.blocks.*.mlp.down_proj,12.103184700012207,12.1171875,5405.874919406834,0,0,0.00015441384461162833
model.visual.blocks.22,model.visual.blocks.*,13128.287109375,13120.0,4.992682926829269,0,0,3.535839768148163e-06
model.visual.blocks.23.norm1,model.visual.blocks.*.norm1,30.380685806274414,30.734375,2131.294356888663,0,0,3.530799645671636e-05
model.visual.blocks.23.attn.qkv,model.visual.blocks.*.attn.qkv,15.220717430114746,15.2265625,4301.955874807593,0,0,4.3868450632232966e-05
model.visual.blocks.23.attn.proj,model.visual.blocks.*.attn.proj,13.044118881225586,13.0390625,5023.674056321151,0,0,8.385600695754015e-05
model.visual.blocks.23.norm2,model.visual.blocks.*.norm2,13.93765926361084,13.9375,4699.838565022422,0,0,3.446668370486532e-05
model.visual.blocks.23.mlp.gate_proj,model.visual.blocks.*.mlp.gate_proj,11.993359565734863,11.9921875,5462.222801302932,0,0,3.8735710520453557e-05
model.visual.blocks.23.mlp.act_fn,model.visual.blocks.*.mlp.act_fn,11.993285179138184,11.9921875,5462.222801302932,0,0,7.777178785408313e-05
model.visual.blocks.23.mlp.up_proj,model.visual.blocks.*.mlp.up_proj,12.554410934448242,12.5546875,5217.493466085874,0,0,5.994567046341927e-05
model.visual.blocks.23.mlp.down_proj,model.visual.blocks.*.mlp.down_proj,21.83428192138672,21.8125,3003.048710601719,0,0,0.00010842466552196439
model.visual.blocks.23,model.visual.blocks.*,13130.2275390625,13120.0,4.992682926829269,0,0,1.946262679397344e-06
model.visual.blocks.24.norm1,model.visual.blocks.*.norm1,25.336448669433594,25.34375,2584.621454993835,0,0,3.4792353157194753e-05
model.visual.blocks.24.attn.qkv,model.visual.blocks.*.attn.qkv,12.289899826049805,12.2890625,5330.268277177368,0,0,5.6038407904400816e-05
model.visual.blocks.24.attn.proj,model.visual.blocks.*.attn.proj,19.400774002075195,19.359375,3383.5803066989506,0,0,0.0001678515865375072
model.visual.blocks.24.norm2,model.visual.blocks.*.norm2,15.829827308654785,15.8125,4142.545454545455,0,0,3.630438990015285e-05
model.visual.blocks.24.mlp.gate_proj,model.visual.blocks.*.mlp.gate_proj,15.408350944519043,15.3984375,4253.938102486048,0,0,3.612962937811475e-05
model.visual.blocks.24.mlp.act_fn,model.visual.blocks.*.mlp.act_fn,15.408347129821777,15.3984375,4253.938102486048,0,0,7.216494067479741e-05
model.visual.blocks.24.mlp.up_proj,model.visual.blocks.*.mlp.up_proj,13.34827995300293,13.3515625,4906.092451726156,0,0,5.898507708021866e-05
model.visual.blocks.24.mlp.down_proj,model.visual.blocks.*.mlp.down_proj,20.57200050354004,20.609375,3178.3593631539043,0,0,0.0001050904306528773
model.visual.blocks.24,model.visual.blocks.*,13136.3720703125,13128.0,4.989640463132236,0,0,1.8338291779978959e-06
model.visual.blocks.25.norm1,model.visual.blocks.*.norm1,29.22959327697754,29.25,2239.4529914529912,0,0,3.717284177303134e-05
model.visual.blocks.25.attn.qkv,model.visual.blocks.*.attn.qkv,10.348261833190918,10.375,6313.638554216867,0,0,5.6210289004241354e-05
model.visual.blocks.25.attn.proj,model.visual.blocks.*.attn.proj,21.31957244873047,21.65625,3024.715728715729,0,0,0.00014027048553903566
model.visual.blocks.25.norm2,model.visual.blocks.*.norm2,19.653928756713867,19.65625,3332.476947535771,0,0,3.331520956984338e-05
model.visual.blocks.25.mlp.gate_proj,model.visual.blocks.*.mlp.gate_proj,13.086033821105957,13.0859375,5005.678805970149,0,0,3.164734393898079e-05
model.visual.blocks.25.mlp.act_fn,model.visual.blocks.*.mlp.act_fn,13.086007118225098,13.0859375,5005.678805970149,0,0,6.34209290023399e-05
model.visual.blocks.25.mlp.up_proj,model.visual.blocks.*.mlp.up_proj,13.29078483581543,13.296875,4926.27027027027,0,0,5.6437037834145744e-05
model.visual.blocks.25.mlp.down_proj,model.visual.blocks.*.mlp.down_proj,27.409526824951172,27.375,2392.840182648402,0,0,0.0001019035224407964
model.visual.blocks.25,model.visual.blocks.*,13145.4912109375,13136.0,4.986601705237515,0,0,1.67874848641245e-06
model.visual.blocks.26.norm1,model.visual.blocks.*.norm1,29.525653839111328,29.53125,2218.1248677248677,0,0,3.646722462631757e-05
model.visual.blocks.26.attn.qkv,model.visual.blocks.*.attn.qkv,11.480805397033691,11.484375,5703.749659863945,0,0,5.661996049784624e-05
model.visual.blocks.26.attn.proj,model.visual.blocks.*.attn.proj,23.25014305114746,23.203125,2823.0680134680133,0,0,0.00012871697401591997
model.visual.blocks.26.norm2,model.visual.blocks.*.norm2,21.767213821411133,21.75,3011.67816091954,0,0,3.0446216775512633e-05
model.visual.blocks.26.mlp.gate_proj,model.visual.blocks.*.mlp.gate_proj,14.298080444335938,14.3046875,4579.198252321136,0,0,3.070126102984665e-05
model.visual.blocks.26.mlp.act_fn,model.visual.blocks.*.mlp.act_fn,14.29807186126709,14.3046875,4579.198252321136,0,0,6.0784375864461496e-05
model.visual.blocks.26.mlp.up_proj,model.visual.blocks.*.mlp.up_proj,16.224512100219727,16.21875,4038.782273603083,0,0,5.530522085696074e-05
model.visual.blocks.26.mlp.down_proj,model.visual.blocks.*.mlp.down_proj,30.823701858520508,30.78125,2128.048730964467,0,0,9.13386503265379e-05
model.visual.blocks.26,model.visual.blocks.*,13158.990234375,13152.0,4.980535279805353,0,0,1.3647100859519224e-06
model.visual.blocks.27.norm1,model.visual.blocks.*.norm1,31.470029830932617,31.46875,2081.5571002979145,0,0,4.222459530142724e-05
model.visual.blocks.27.attn.qkv,model.visual.blocks.*.attn.qkv,12.71630859375,12.71875,5150.191646191646,0,0,5.563390576718211e-05
model.visual.blocks.27.attn.proj,model.visual.blocks.*.attn.proj,25.926258087158203,25.921875,2526.9776974080773,0,0,0.0001189391364114576
model.visual.blocks.27.norm2,model.visual.blocks.*.norm2,26.950721740722656,26.96875,2428.8852838933954,0,0,2.8302226214343848e-05
model.visual.blocks.27.mlp.gate_proj,model.visual.blocks.*.mlp.gate_proj,14.8628568649292,14.859375,4408.260778128286,0,0,3.3996589690343e-05
model.visual.blocks.27.mlp.act_fn,model.visual.blocks.*.mlp.act_fn,14.8628511428833,14.859375,4408.260778128286,0,0,6.816004983245046e-05
model.visual.blocks.27.mlp.up_proj,model.visual.blocks.*.mlp.up_proj,17.484895706176758,17.421875,3759.870852017937,0,0,5.187349374023953e-05
model.visual.blocks.27.mlp.down_proj,model.visual.blocks.*.mlp.down_proj,40.7140998840332,40.6875,1609.9293394777267,0,0,8.938075659527165e-05
model.visual.blocks.27,model.visual.blocks.*,13168.8466796875,13160.0,4.977507598784195,0,0,1.3220628957659249e-06
model.visual.blocks.28.norm1,model.visual.blocks.*.norm1,28.770187377929688,28.75,2278.4,0,0,4.131737325565238e-05
model.visual.blocks.28.attn.qkv,model.visual.blocks.*.attn.qkv,12.872579574584961,12.875,5087.689320388349,0,0,5.357908660367496e-05
model.visual.blocks.28.attn.proj,model.visual.blocks.*.attn.proj,30.13718605041504,30.125,2174.4066390041494,0,0,9.903840666375528e-05
model.visual.blocks.28.norm2,model.visual.blocks.*.norm2,32.72053909301758,32.75,2000.1221374045801,0,0,2.5076547829366576e-05
model.visual.blocks.28.mlp.gate_proj,model.visual.blocks.*.mlp.gate_proj,18.839534759521484,18.828125,3479.050622406639,0,0,3.415475385766757e-05
model.visual.blocks.28.mlp.act_fn,model.visual.blocks.*.mlp.act_fn,18.839534759521484,18.828125,3479.050622406639,0,0,6.779148379116201e-05
model.visual.blocks.28.mlp.up_proj,model.visual.blocks.*.mlp.up_proj,24.308582305908203,24.3125,2694.2519280205656,0,0,4.881758790184001e-05
model.visual.blocks.28.mlp.down_proj,model.visual.blocks.*.mlp.down_proj,53.306861877441406,53.3125,1228.6799531066822,0,0,6.639779810230859e-05
model.visual.blocks.28,model.visual.blocks.*,13179.91015625,13168.0,4.974483596597813,0,0,9.110990630644938e-07
model.visual.blocks.29.norm1,model.visual.blocks.*.norm1,28.939178466796875,28.9375,2263.6371490280776,0,0,4.1394913601445103e-05
model.visual.blocks.29.attn.qkv,model.visual.blocks.*.attn.qkv,11.705423355102539,11.7109375,5593.403602401601,0,0,5.141700329515453e-05
model.visual.blocks.29.attn.proj,model.visual.blocks.*.attn.proj,39.98489761352539,39.96875,1638.8803752931979,0,0,8.215011935010024e-05
model.visual.blocks.29.norm2,model.visual.blocks.*.norm2,31.029199600219727,31.03125,2110.9043303121853,0,0,2.3149670236417413e-05
model.visual.blocks.29.mlp.gate_proj,model.visual.blocks.*.mlp.gate_proj,21.837047576904297,21.84375,2998.752503576538,0,0,2.239836776900997e-05
model.visual.blocks.29.mlp.act_fn,model.visual.blocks.*.mlp.act_fn,20.011245727539062,20.046875,3267.5416991426346,0,0,4.483446277059277e-05
model.visual.blocks.29.mlp.up_proj,model.visual.blocks.*.mlp.up_proj,24.862442016601562,24.828125,2638.2983008181245,0,0,4.35967193327225e-05
model.visual.blocks.29.mlp.down_proj,model.visual.blocks.*.mlp.down_proj,58.191402435302734,58.1875,1125.7400644468314,0,0,5.857397721182286e-05
model.visual.blocks.29,model.visual.blocks.*,13187.8095703125,13176.0,4.971463266545234,0,0,7.637724060583203e-07
model.visual.blocks.30.norm1,model.visual.blocks.*.norm1,32.04279708862305,32.03125,2045.0029268292683,0,0,4.0150391051471905e-05
model.visual.blocks.30.attn.qkv,model.visual.blocks.*.attn.qkv,18.06492042541504,18.0625,3626.5190311418687,0,0,4.8188740231984175e-05
model.visual.blocks.30.attn.proj,model.visual.blocks.*.attn.proj,79.97312927246094,80.0,818.8,0,0,4.9780901998928085e-05
model.visual.blocks.30.norm2,model.visual.blocks.*.norm2,31.15027618408203,31.15625,2102.4353059177533,0,0,2.03698488397483e-05
model.visual.blocks.30.mlp.gate_proj,model.visual.blocks.*.mlp.gate_proj,23.266448974609375,23.265625,2815.484217595702,0,0,2.311228309308051e-05
model.visual.blocks.30.mlp.act_fn,model.visual.blocks.*.mlp.act_fn,23.266448974609375,23.265625,2815.484217595702,0,0,4.7594354938036216e-05
model.visual.blocks.30.mlp.up_proj,model.visual.blocks.*.mlp.up_proj,18.93048858642578,18.921875,3461.813377374071,0,0,4.0809257264552755e-05
model.visual.blocks.30.mlp.down_proj,model.visual.blocks.*.mlp.down_proj,140.07275390625,140.25,467.0516934046346,0,0,4.178261533040872e-05
model.visual.blocks.30,model.visual.blocks.*,13190.126953125,13176.0,4.971463266545234,0,0,4.458569883081565e-07
model.visual.blocks.31.norm1,model.visual.blocks.*.norm1,33.827579498291016,33.8125,1937.271719038817,0,0,2.2858893939694702e-05
model.visual.blocks.31.attn.qkv,model.visual.blocks.*.attn.qkv,23.323623657226562,23.328125,2807.9410582719356,0,0,3.1601567927824206e-05
model.visual.blocks.31.attn.proj,model.visual.blocks.*.attn.proj,291.18359375,291.25,224.90643776824035,0,0,2.2889910078011792e-05
model.visual.blocks.31.norm2,model.visual.blocks.*.norm2,31.27643394470215,31.28125,2094.033966033966,0,0,1.8117301794469697e-05
model.visual.blocks.31.mlp.gate_proj,model.visual.blocks.*.mlp.gate_proj,62.28036117553711,62.34375,1050.6907268170426,0,0,2.98494962021446e-05
model.visual.blocks.31.mlp.act_fn,model.visual.blocks.*.mlp.act_fn,62.28036117553711,62.34375,1050.6907268170426,0,0,6.206710177193783e-05
model.visual.blocks.31.mlp.up_proj,model.visual.blocks.*.mlp.up_proj,66.10647583007812,66.0625,991.5458845789972,0,0,3.456394922634215e-05
model.visual.blocks.31.mlp.down_proj,model.visual.blocks.*.mlp.down_proj,56875.2734375,57024.0,1.148709315375982,0,0,2.7026687526053557e-05
model.visual.blocks.31,model.visual.blocks.*,56974.1015625,57120.0,1.1467787114845938,0,0,2.481291065367132e-07
model.visual.merger.ln_q,model.visual.merger.ln_q,7.966350078582764,7.93359375,8256.535696701132,0,0,0.0006965022790658436
model.visual.merger.mlp.0,model.visual.merger.mlp.*,13.223623275756836,13.2578125,4940.784914555097,0,0,8.157632079123409e-05
model.visual.merger.mlp.1,model.visual.merger.mlp.*,10.693766593933105,10.6875,6129.029239766081,0,0,0.0005135031859777279
model.visual.merger.mlp.2,model.visual.merger.mlp.*,45.53383255004883,45.59375,1436.6881425633997,0,0,6.772179950671933e-05
model.language_model.rotary_emb,model.language_model.rotary_emb,1.0,1.0,65504.0,0,0,0.0
model.language_model.layers.0.input_layernorm,model.language_model.layers.*.input_layernorm,15.009073257446289,14.9921875,4369.2089630015635,0,0,0.0001936833021861113
model.language_model.layers.0.self_attn.q_proj,model.language_model.layers.*.self_attn.q_proj,30.91984748840332,30.9375,2117.30101010101,0,0,5.0236663967763804e-05
model.language_model.layers.0.self_attn.k_proj,model.language_model.layers.*.self_attn.k_proj,96.55892944335938,96.5625,678.3585760517799,0,0,2.8097226406567748e-05
model.language_model.layers.0.self_attn.v_proj,model.language_model.layers.*.self_attn.v_proj,3.4741950035095215,3.474609375,18852.19111860596,0,0,0.0001339399195978007
model.language_model.layers.0.self_attn.o_proj,model.language_model.layers.*.self_attn.o_proj,5.038490295410156,5.0390625,12999.243410852714,0,0,0.00046883568918524513
model.language_model.layers.0.post_attention_layernorm,model.language_model.layers.*.post_attention_layernorm,4.704605579376221,4.703125,13927.760797342193,0,0,0.013379722687730662
model.language_model.layers.0.mlp.gate_proj,model.language_model.layers.*.mlp.gate_proj,7.004525184631348,7.00390625,9352.495259341886,0,0,0.00010121056795630142
model.language_model.layers.0.mlp.act_fn,model.language_model.layers.*.mlp.act_fn,6.073768138885498,6.07421875,10783.938263665596,0,0,0.00020128876260923332
model.language_model.layers.0.mlp.up_proj,model.language_model.layers.*.mlp.up_proj,4.86379861831665,4.8671875,13458.285714285714,0,0,0.00011967064754839195
model.language_model.layers.0.mlp.down_proj,model.language_model.layers.*.mlp.down_proj,7.938287734985352,7.94921875,8240.306633906634,0,0,0.00013710269639225729
model.language_model.layers.0,model.language_model.layers.*,50.802249908447266,50.875,1287.5479115479116,0,0,9.037818572531446e-06
model.language_model.layers.1.input_layernorm,model.language_model.layers.*.input_layernorm,24.541194915771484,24.484375,2675.3388640714743,0,0,0.009391764555834337
model.language_model.layers.1.self_attn.q_proj,model.language_model.layers.*.self_attn.q_proj,11.607254981994629,11.609375,5642.336473755047,0,0,6.131557686695037e-05
model.language_model.layers.1.self_attn.k_proj,model.language_model.layers.*.self_attn.k_proj,39.57743453979492,39.5625,1655.7093206951026,0,0,2.140390807411313e-05
model.language_model.layers.1.self_attn.v_proj,model.language_model.layers.*.self_attn.v_proj,2.3195886611938477,2.3203125,28230.680134680133,0,0,0.0002483883077879039
model.language_model.layers.1.self_attn.o_proj,model.language_model.layers.*.self_attn.o_proj,5.9742431640625,5.9765625,10960.146405228757,0,0,0.0004042470061007758
model.language_model.layers.1.post_attention_layernorm,model.language_model.layers.*.post_attention_layernorm,431.0442810058594,430.25,152.24636839047065,0,0,0.00011461388232469685
model.language_model.layers.1.mlp.gate_proj,model.language_model.layers.*.mlp.gate_proj,39.839393615722656,39.8125,1645.3124018838305,0,0,3.421067381781048e-09
model.language_model.layers.1.mlp.act_fn,model.language_model.layers.*.mlp.act_fn,6.34473180770874,6.359375,10300.383292383292,0,0,0.712035046837423
model.language_model.layers.1.mlp.up_proj,model.language_model.layers.*.mlp.up_proj,377.5885009765625,377.75,173.40569159497022,0,0,1.9705348119058837e-06
model.language_model.layers.1.mlp.down_proj,model.language_model.layers.*.mlp.down_proj,33.158016204833984,33.1875,1973.7551789077213,0,0,0.0005097862933785871
model.language_model.layers.1,model.language_model.layers.*,69.74080657958984,70.0,935.7714285714286,0,0,2.0751125654327033e-05
model.language_model.layers.2.input_layernorm,model.language_model.layers.*.input_layernorm,17.84064292907715,17.859375,3667.7655293088364,0,0,0.010103067540436468
model.language_model.layers.2.self_attn.q_proj,model.language_model.layers.*.self_attn.q_proj,8.363999366760254,8.359375,7835.992523364486,0,0,6.186722398226256e-05
model.language_model.layers.2.self_attn.k_proj,model.language_model.layers.*.self_attn.k_proj,19.731151580810547,19.734375,3319.2842438638163,0,0,2.6920379227235067e-05
model.language_model.layers.2.self_attn.v_proj,model.language_model.layers.*.self_attn.v_proj,2.1382925510406494,2.138671875,30628.354337899542,0,0,0.00019815164382014008
model.language_model.layers.2.self_attn.o_proj,model.language_model.layers.*.self_attn.o_proj,2.2993147373199463,2.30078125,28470.32937181664,0,0,0.0004981097627711456
model.language_model.layers.2.post_attention_layernorm,model.language_model.layers.*.post_attention_layernorm,184.30516052246094,184.375,355.27593220338986,0,0,0.0005276136893217594
model.language_model.layers.2.mlp.gate_proj,model.language_model.layers.*.mlp.gate_proj,44.120601654052734,44.125,1484.5099150141643,0,0,5.1316010726715725e-09
model.language_model.layers.2.mlp.act_fn,model.language_model.layers.*.mlp.act_fn,44.120601654052734,44.125,1484.5099150141643,0,0,0.2795178451632566
model.language_model.layers.2.mlp.up_proj,model.language_model.layers.*.mlp.up_proj,131.68881225585938,131.75,497.1840607210626,0,0,1.338321559752746e-05
model.language_model.layers.2.mlp.down_proj,model.language_model.layers.*.mlp.down_proj,2506.963134765625,2510.0,26.097211155378485,0,0,0.0005824290243466144
model.language_model.layers.2,model.language_model.layers.*,2547.02783203125,2550.0,25.6878431372549,0,0,2.1790061054831665e-05
model.language_model.layers.3.input_layernorm,model.language_model.layers.*.input_layernorm,14.954975128173828,14.9609375,4378.335248041775,0,0,0.0027870591383360325
model.language_model.layers.3.self_attn.q_proj,model.language_model.layers.*.self_attn.q_proj,13.681938171386719,13.6875,4785.680365296804,0,0,4.731293425660917e-05
model.language_model.layers.3.self_attn.k_proj,model.language_model.layers.*.self_attn.k_proj,12.247909545898438,12.25,5347.265306122449,0,0,3.434922704677262e-05
model.language_model.layers.3.self_attn.v_proj,model.language_model.layers.*.self_attn.v_proj,4.961745262145996,4.9609375,13203.955905511812,0,0,0.00010518071665285833
model.language_model.layers.3.self_attn.o_proj,model.language_model.layers.*.self_attn.o_proj,2.2394533157348633,2.2421875,29214.327526132405,0,0,0.0005970660611395647
model.language_model.layers.3.post_attention_layernorm,model.language_model.layers.*.post_attention_layernorm,138.420166015625,138.5,472.9530685920578,0,0,0.000460505817744031
model.language_model.layers.3.mlp.gate_proj,model.language_model.layers.*.mlp.gate_proj,19.757617950439453,21.34375,3069.0014641288435,0,0,2.907907274513891e-08
model.language_model.layers.3.mlp.act_fn,model.language_model.layers.*.mlp.act_fn,17.036508560180664,17.03125,3846.1064220183484,0,0,0.07033303153589177
model.language_model.layers.3.mlp.up_proj,model.language_model.layers.*.mlp.up_proj,46.073875427246094,46.0625,1422.067842605156,0,0,5.690603482854596e-05
model.language_model.layers.3.mlp.down_proj,model.language_model.layers.*.mlp.down_proj,229.57615661621094,229.625,285.26510615133367,0,0,0.0003495144181432176
model.language_model.layers.3,model.language_model.layers.*,2776.35302734375,2780.0,23.562589928057555,0,0,1.373601317127363e-05
model.language_model.layers.4.input_layernorm,model.language_model.layers.*.input_layernorm,16.81648826599121,16.828125,3892.5311049210773,0,0,0.0022159480739719064
model.language_model.layers.4.self_attn.q_proj,model.language_model.layers.*.self_attn.q_proj,15.299235343933105,15.296875,4282.181818181818,0,0,5.168933470475258e-05
model.language_model.layers.4.self_attn.k_proj,model.language_model.layers.*.self_attn.k_proj,9.824138641357422,9.8515625,6649.097541633624,0,0,3.7291344995104315e-05
model.language_model.layers.4.self_attn.v_proj,model.language_model.layers.*.self_attn.v_proj,4.240829944610596,4.2421875,15441.090239410682,0,0,0.00010496005780673345
model.language_model.layers.4.self_attn.o_proj,model.language_model.layers.*.self_attn.o_proj,2.7429277896881104,2.744140625,23870.496797153024,0,0,0.00047589677226124124
model.language_model.layers.4.post_attention_layernorm,model.language_model.layers.*.post_attention_layernorm,109.73186492919922,109.75,596.8473804100228,0,0,0.0008929879620302026
model.language_model.layers.4.mlp.gate_proj,model.language_model.layers.*.mlp.gate_proj,16.12508773803711,16.125,4062.263565891473,0,0,1.1631629098055563e-07
model.language_model.layers.4.mlp.act_fn,model.language_model.layers.*.mlp.act_fn,13.83527946472168,13.7265625,4772.0614684120665,0,0,0.00941860731959535
model.language_model.layers.4.mlp.up_proj,model.language_model.layers.*.mlp.up_proj,33.99130630493164,34.0,1926.5882352941176,0,0,6.621818024175397e-05
model.language_model.layers.4.mlp.down_proj,model.language_model.layers.*.mlp.down_proj,68.4205093383789,68.5,956.2627737226277,0,0,0.0002946623066440084
model.language_model.layers.4,model.language_model.layers.*,2844.244384765625,2848.0,23.0,0,0,1.1887995334977782e-05
model.language_model.layers.5.input_layernorm,model.language_model.layers.*.input_layernorm,18.08475112915039,18.078125,3623.3846153846152,0,0,0.0010090637092104767
model.language_model.layers.5.self_attn.q_proj,model.language_model.layers.*.self_attn.q_proj,24.168428421020508,24.171875,2709.9263089851324,0,0,4.6136087077276494e-05
model.language_model.layers.5.self_attn.k_proj,model.language_model.layers.*.self_attn.k_proj,13.866022109985352,13.875,4721.009009009009,0,0,3.633515666189651e-05
model.language_model.layers.5.self_attn.v_proj,model.language_model.layers.*.self_attn.v_proj,4.619161605834961,4.6171875,14186.991539763114,0,0,0.00010672532857573246
model.language_model.layers.5.self_attn.o_proj,model.language_model.layers.*.self_attn.o_proj,6.251308917999268,6.25,10480.64,0,0,0.0004310478617863599
model.language_model.layers.5.post_attention_layernorm,model.language_model.layers.*.post_attention_layernorm,141.46334838867188,141.5,462.9257950530035,0,0,0.000564721151945093
model.language_model.layers.5.mlp.gate_proj,model.language_model.layers.*.mlp.gate_proj,19.410982131958008,19.421875,3372.691874497184,0,0,4.532914280859889e-07
model.language_model.layers.5.mlp.act_fn,model.language_model.layers.*.mlp.act_fn,9.274636268615723,9.2734375,7063.615838247683,0,0,0.06898308176810834
model.language_model.layers.5.mlp.up_proj,model.language_model.layers.*.mlp.up_proj,15.893884658813477,15.8984375,4120.153316953317,0,0,6.54912034231255e-05
model.language_model.layers.5.mlp.down_proj,model.language_model.layers.*.mlp.down_proj,24.68161392211914,24.6875,2653.326582278481,0,0,0.0003001328072041877
model.language_model.layers.5,model.language_model.layers.*,2861.942138671875,2866.0,22.855547801814375,0,0,1.1308765863899977e-05
model.language_model.layers.6.input_layernorm,model.language_model.layers.*.input_layernorm,21.64056396484375,21.65625,3024.715728715729,0,0,0.0009562710802750998
model.language_model.layers.6.self_attn.q_proj,model.language_model.layers.*.self_attn.q_proj,21.601285934448242,21.578125,3035.6669080376537,0,0,4.7634728407207955e-05
model.language_model.layers.6.self_attn.k_proj,model.language_model.layers.*.self_attn.k_proj,11.162747383117676,11.171875,5863.2951048951045,0,0,2.8538544098817505e-05
model.language_model.layers.6.self_attn.v_proj,model.language_model.layers.*.self_attn.v_proj,5.767309188842773,5.76953125,11353.435341909275,0,0,7.818678447691496e-05
model.language_model.layers.6.self_attn.o_proj,model.language_model.layers.*.self_attn.o_proj,3.016065835952759,3.021484375,21679.41047188106,0,0,0.0002945060066280033
model.language_model.layers.6.post_attention_layernorm,model.language_model.layers.*.post_attention_layernorm,139.0524444580078,139.125,470.8283917340521,0,0,0.00026602262724071703
model.language_model.layers.6.mlp.gate_proj,model.language_model.layers.*.mlp.gate_proj,19.960756301879883,19.953125,3282.894283476899,0,0,4.6697569761311307e-07
model.language_model.layers.6.mlp.act_fn,model.language_model.layers.*.mlp.act_fn,10.359956741333008,10.34375,6332.712990936556,0,0,0.05204464334195698
model.language_model.layers.6.mlp.up_proj,model.language_model.layers.*.mlp.up_proj,28.48042106628418,28.453125,2302.1724327292695,0,0,3.712542322708793e-05
model.language_model.layers.6.mlp.down_proj,model.language_model.layers.*.mlp.down_proj,21.159912109375,21.15625,3096.2008862629245,0,0,0.0003191370503266928
model.language_model.layers.6,model.language_model.layers.*,2866.50390625,2870.0,22.823693379790942,0,0,1.1226018796603148e-05
model.language_model.layers.7.input_layernorm,model.language_model.layers.*.input_layernorm,22.709835052490234,22.71875,2883.257221458047,0,0,0.0016781840777284026
model.language_model.layers.7.self_attn.q_proj,model.language_model.layers.*.self_attn.q_proj,16.936426162719727,16.9375,3867.3948339483395,0,0,4.897706972113429e-05
model.language_model.layers.7.self_attn.k_proj,model.language_model.layers.*.self_attn.k_proj,11.413690567016602,11.4375,5727.12568306011,0,0,3.442277999548091e-05
model.language_model.layers.7.self_attn.v_proj,model.language_model.layers.*.self_attn.v_proj,5.177374839782715,5.1796875,12646.322775263952,0,0,8.127600832266325e-05
model.language_model.layers.7.self_attn.o_proj,model.language_model.layers.*.self_attn.o_proj,2.489473581314087,2.490234375,26304.35137254902,0,0,0.0005440619674766514
model.language_model.layers.7.post_attention_layernorm,model.language_model.layers.*.post_attention_layernorm,106.3019790649414,106.4375,615.4221961244862,0,0,0.0001805541008416811
model.language_model.layers.7.mlp.gate_proj,model.language_model.layers.*.mlp.gate_proj,18.434341430664062,18.4375,3552.759322033898,0,0,2.001324418341913e-07
model.language_model.layers.7.mlp.act_fn,model.language_model.layers.*.mlp.act_fn,11.358254432678223,11.3515625,5770.483138334481,0,0,0.0907966352926507
model.language_model.layers.7.mlp.up_proj,model.language_model.layers.*.mlp.up_proj,20.34857940673828,20.34375,3219.8586789554533,0,0,3.592120750870101e-05
model.language_model.layers.7.mlp.down_proj,model.language_model.layers.*.mlp.down_proj,26.26628303527832,26.25,2495.390476190476,0,0,0.00025340829653724484
model.language_model.layers.7,model.language_model.layers.*,2872.552734375,2876.0,22.776077885952713,0,0,9.626242162197786e-06
model.language_model.layers.8.input_layernorm,model.language_model.layers.*.input_layernorm,20.73738670349121,20.734375,3159.198191409194,0,0,0.0013971566489511939
model.language_model.layers.8.self_attn.q_proj,model.language_model.layers.*.self_attn.q_proj,21.846084594726562,21.84375,2998.752503576538,0,0,4.72945460194321e-05
model.language_model.layers.8.self_attn.k_proj,model.language_model.layers.*.self_attn.k_proj,15.376004219055176,15.3828125,4258.259014728288,0,0,3.810042743089553e-05
model.language_model.layers.8.self_attn.v_proj,model.language_model.layers.*.self_attn.v_proj,5.014031887054443,5.046875,12979.120743034056,0,0,6.818358345258718e-05
model.language_model.layers.8.self_attn.o_proj,model.language_model.layers.*.self_attn.o_proj,4.3759965896606445,4.375,14972.342857142858,0,0,0.00037811732107215484
model.language_model.layers.8.post_attention_layernorm,model.language_model.layers.*.post_attention_layernorm,91.75447082519531,91.875,712.9687074829932,0,0,5.766551178730135e-05
model.language_model.layers.8.mlp.gate_proj,model.language_model.layers.*.mlp.gate_proj,18.2850284576416,18.296875,3580.0649017933392,0,0,6.380290667021655e-07
model.language_model.layers.8.mlp.act_fn,model.language_model.layers.*.mlp.act_fn,10.919782638549805,11.046875,5929.640735502122,0,0,0.009795718419223836
model.language_model.layers.8.mlp.up_proj,model.language_model.layers.*.mlp.up_proj,18.325159072875977,18.328125,3573.9607843137255,0,0,4.6466647713041085e-05
model.language_model.layers.8.mlp.down_proj,model.language_model.layers.*.mlp.down_proj,10.999798774719238,11.0,5954.909090909091,0,0,0.0002474964782848158
model.language_model.layers.8,model.language_model.layers.*,2877.303955078125,2882.0,22.728660652324773,0,0,8.982653861000225e-06
model.language_model.layers.9.input_layernorm,model.language_model.layers.*.input_layernorm,21.293018341064453,21.296875,3075.756419662509,0,0,0.0005078739167121714
model.language_model.layers.9.self_attn.q_proj,model.language_model.layers.*.self_attn.q_proj,21.061437606811523,21.0625,3109.9821958456973,0,0,4.8085240218046245e-05
model.language_model.layers.9.self_attn.k_proj,model.language_model.layers.*.self_attn.k_proj,13.702629089355469,13.703125,4780.223489167617,0,0,3.4864097687730664e-05
model.language_model.layers.9.self_attn.v_proj,model.language_model.layers.*.self_attn.v_proj,5.129660129547119,5.12890625,12771.533891850724,0,0,9.120565639828274e-05
model.language_model.layers.9.self_attn.o_proj,model.language_model.layers.*.self_attn.o_proj,4.18706750869751,4.1875,15642.746268656716,0,0,0.0004130090011156511
model.language_model.layers.9.post_attention_layernorm,model.language_model.layers.*.post_attention_layernorm,78.9487075805664,78.9375,829.8210609659541,0,0,0.0005524470036293967
model.language_model.layers.9.mlp.gate_proj,model.language_model.layers.*.mlp.gate_proj,18.460535049438477,18.46875,3546.7478849407785,0,0,1.6626387475455894e-06
model.language_model.layers.9.mlp.act_fn,model.language_model.layers.*.mlp.act_fn,11.54749870300293,11.5625,5665.2108108108105,0,0,0.003537766832308363
model.language_model.layers.9.mlp.up_proj,model.language_model.layers.*.mlp.up_proj,19.42742156982422,19.421875,3372.691874497184,0,0,5.1576011847731084e-05
model.language_model.layers.9.mlp.down_proj,model.language_model.layers.*.mlp.down_proj,34.11802673339844,34.09375,1921.2905591200733,0,0,0.00018816683103298939
model.language_model.layers.9,model.language_model.layers.*,2885.73486328125,2890.0,22.665743944636677,0,0,6.555406553626573e-06
model.language_model.layers.10.input_layernorm,model.language_model.layers.*.input_layernorm,25.97420883178711,25.984375,2520.8995790739627,0,0,0.00016078674587632747
model.language_model.layers.10.self_attn.q_proj,model.language_model.layers.*.self_attn.q_proj,16.983192443847656,16.984375,3856.721251149954,0,0,4.684403420859381e-05
model.language_model.layers.10.self_attn.k_proj,model.language_model.layers.*.self_attn.k_proj,14.465365409851074,14.453125,4532.168648648649,0,0,3.8394639225728704e-05
model.language_model.layers.10.self_attn.v_proj,model.language_model.layers.*.self_attn.v_proj,5.733332633972168,5.73828125,11415.26480599047,0,0,7.031661896512767e-05
model.language_model.layers.10.self_attn.o_proj,model.language_model.layers.*.self_attn.o_proj,7.35373592376709,7.296875,8976.99357601713,0,0,0.00026296098575073437
model.language_model.layers.10.post_attention_layernorm,model.language_model.layers.*.post_attention_layernorm,61.81031799316406,61.84375,1059.1854471955533,0,0,5.2452446547601114e-05
model.language_model.layers.10.mlp.gate_proj,model.language_model.layers.*.mlp.gate_proj,13.106380462646484,13.0859375,5005.678805970149,0,0,6.460685750493509e-06
model.language_model.layers.10.mlp.act_fn,model.language_model.layers.*.mlp.act_fn,13.106353759765625,13.0859375,5005.678805970149,0,0,1.2793081474170229e-05
model.language_model.layers.10.mlp.up_proj,model.language_model.layers.*.mlp.up_proj,15.847272872924805,15.84375,4134.374753451677,0,0,6.36318533011275e-05
model.language_model.layers.10.mlp.down_proj,model.language_model.layers.*.mlp.down_proj,31.07855796813965,31.359375,2088.817140009965,0,0,0.00012875443671386607
model.language_model.layers.10,model.language_model.layers.*,2894.884521484375,2900.0,22.587586206896553,0,0,4.9372416820441365e-06
model.language_model.layers.11.input_layernorm,model.language_model.layers.*.input_layernorm,23.76234245300293,23.78125,2754.4388961892246,0,0,0.0003710654321147473
model.language_model.layers.11.self_attn.q_proj,model.language_model.layers.*.self_attn.q_proj,23.993864059448242,24.0,2729.3333333333335,0,0,4.813121081098893e-05
model.language_model.layers.11.self_attn.k_proj,model.language_model.layers.*.self_attn.k_proj,14.823358535766602,14.828125,4417.551106427819,0,0,3.949793345635309e-05
model.language_model.layers.11.self_attn.v_proj,model.language_model.layers.*.self_attn.v_proj,6.138680458068848,6.17578125,10606.593295382669,0,0,7.347939575958425e-05
model.language_model.layers.11.self_attn.o_proj,model.language_model.layers.*.self_attn.o_proj,12.49830436706543,12.4921875,5243.597248280175,0,0,0.00021743171050030128
model.language_model.layers.11.post_attention_layernorm,model.language_model.layers.*.post_attention_layernorm,27.56348991394043,27.59375,2373.8708946772367,0,0,5.305925837444453e-05
model.language_model.layers.11.mlp.gate_proj,model.language_model.layers.*.mlp.gate_proj,11.48539924621582,11.484375,5703.749659863945,0,0,2.7642224444790868e-05
model.language_model.layers.11.mlp.act_fn,model.language_model.layers.*.mlp.act_fn,11.485281944274902,11.484375,5703.749659863945,0,0,5.443089257782737e-05
model.language_model.layers.11.mlp.up_proj,model.language_model.layers.*.mlp.up_proj,10.315339088439941,10.328125,6342.293494704993,0,0,8.437378483686599e-05
model.language_model.layers.11.mlp.down_proj,model.language_model.layers.*.mlp.down_proj,25.25886344909668,25.25,2594.2178217821784,0,0,9.50947685612337e-05
model.language_model.layers.11,model.language_model.layers.*,2895.95458984375,2902.0,22.572019297036526,0,0,3.6684533168260902e-06
model.language_model.layers.12.input_layernorm,model.language_model.layers.*.input_layernorm,23.564197540283203,23.5625,2780.0106100795756,0,0,0.0005284319658761392
model.language_model.layers.12.self_attn.q_proj,model.language_model.layers.*.self_attn.q_proj,20.936607360839844,20.953125,3126.2162565249814,0,0,4.52074810998343e-05
model.language_model.layers.12.self_attn.k_proj,model.language_model.layers.*.self_attn.k_proj,16.41449737548828,16.375,4000.2442748091603,0,0,3.714423909768773e-05
model.language_model.layers.12.self_attn.v_proj,model.language_model.layers.*.self_attn.v_proj,6.200076103210449,6.2265625,10520.09033877039,0,0,6.99488542215862e-05
model.language_model.layers.12.self_attn.o_proj,model.language_model.layers.*.self_attn.o_proj,21.849933624267578,21.84375,2998.752503576538,0,0,0.00019443721991037132
model.language_model.layers.12.post_attention_layernorm,model.language_model.layers.*.post_attention_layernorm,27.245718002319336,27.25,2403.816513761468,0,0,4.989648157998795e-05
model.language_model.layers.12.mlp.gate_proj,model.language_model.layers.*.mlp.gate_proj,12.277649879455566,12.3984375,5283.246376811594,0,0,1.9033108378538862e-05
model.language_model.layers.12.mlp.act_fn,model.language_model.layers.*.mlp.act_fn,10.702139854431152,10.6953125,6124.5522279035795,0,0,3.8269770266293696e-05
model.language_model.layers.12.mlp.up_proj,model.language_model.layers.*.mlp.up_proj,12.82337474822998,12.71875,5150.191646191646,0,0,7.883336621207158e-05
model.language_model.layers.12.mlp.down_proj,model.language_model.layers.*.mlp.down_proj,24.879377365112305,24.859375,2634.9817724701447,0,0,9.720022171800858e-05
model.language_model.layers.12,model.language_model.layers.*,2895.091064453125,2902.0,22.572019297036526,0,0,3.1995532688107254e-06
model.language_model.layers.13.input_layernorm,model.language_model.layers.*.input_layernorm,28.026487350463867,28.03125,2336.8205128205127,0,0,0.0005024401926263463
model.language_model.layers.13.self_attn.q_proj,model.language_model.layers.*.self_attn.q_proj,19.44016456604004,19.4375,3369.9807073954985,0,0,5.1248017012502824e-05
model.language_model.layers.13.self_attn.k_proj,model.language_model.layers.*.self_attn.k_proj,14.445968627929688,14.4375,4537.073593073593,0,0,3.913016871281163e-05
model.language_model.layers.13.self_attn.v_proj,model.language_model.layers.*.self_attn.v_proj,5.9754557609558105,5.97265625,10967.31458469588,0,0,8.598339703999397e-05
model.language_model.layers.13.self_attn.o_proj,model.language_model.layers.*.self_attn.o_proj,9.901912689208984,9.90625,6612.391167192429,0,0,0.00023587511238890564
model.language_model.layers.13.post_attention_layernorm,model.language_model.layers.*.post_attention_layernorm,18.106239318847656,18.109375,3617.1320103537532,0,0,6.742966572832718e-05
model.language_model.layers.13.mlp.gate_proj,model.language_model.layers.*.mlp.gate_proj,9.916097640991211,9.9140625,6607.1804570527975,0,0,4.714572958832463e-05
model.language_model.layers.13.mlp.act_fn,model.language_model.layers.*.mlp.act_fn,9.915608406066895,9.9140625,6607.1804570527975,0,0,9.488330383369737e-05
model.language_model.layers.13.mlp.up_proj,model.language_model.layers.*.mlp.up_proj,8.254572868347168,8.2890625,7902.461828463714,0,0,9.129460415020905e-05
model.language_model.layers.13.mlp.down_proj,model.language_model.layers.*.mlp.down_proj,16.25239372253418,16.21875,4038.782273603083,0,0,0.00010050091029129322
model.language_model.layers.13,model.language_model.layers.*,2894.410400390625,2902.0,22.572019297036526,0,0,3.7144239097687732e-06
model.language_model.layers.14.input_layernorm,model.language_model.layers.*.input_layernorm,25.30260467529297,25.28125,2591.011124845488,0,0,0.00023437647105897417
model.language_model.layers.14.self_attn.q_proj,model.language_model.layers.*.self_attn.q_proj,22.290590286254883,22.296875,2937.810791871058,0,0,4.579590468950064e-05
model.language_model.layers.14.self_attn.k_proj,model.language_model.layers.*.self_attn.k_proj,13.886126518249512,13.8828125,4718.352279122116,0,0,3.493765063643895e-05
model.language_model.layers.14.self_attn.v_proj,model.language_model.layers.*.self_attn.v_proj,5.874466896057129,5.87109375,11157.035262807718,0,0,8.87784090909091e-05
model.language_model.layers.14.self_attn.o_proj,model.language_model.layers.*.self_attn.o_proj,13.933961868286133,13.953125,4694.575587905935,0,0,0.00017558927680387136
model.language_model.layers.14.post_attention_layernorm,model.language_model.layers.*.post_attention_layernorm,19.447010040283203,19.453125,3367.2738955823293,0,0,5.561522334205769e-05
model.language_model.layers.14.mlp.gate_proj,model.language_model.layers.*.mlp.gate_proj,9.479816436767578,9.484375,6906.517298187809,0,0,3.9253327138555745e-05
model.language_model.layers.14.mlp.act_fn,model.language_model.layers.*.mlp.act_fn,9.47909164428711,9.484375,6906.517298187809,0,0,7.924902589895799e-05
model.language_model.layers.14.mlp.up_proj,model.language_model.layers.*.mlp.up_proj,8.17519474029541,8.171875,8015.78585086042,0,0,9.051802185454475e-05
model.language_model.layers.14.mlp.down_proj,model.language_model.layers.*.mlp.down_proj,19.36730194091797,19.34375,3386.313408723748,0,0,9.592223923420201e-05
model.language_model.layers.14,model.language_model.layers.*,2894.041015625,2902.0,22.572019297036526,0,0,3.824753332831212e-06
model.language_model.layers.15.input_layernorm,model.language_model.layers.*.input_layernorm,24.945560455322266,24.9375,2626.7268170426064,0,0,0.000533534701692777
model.language_model.layers.15.self_attn.q_proj,model.language_model.layers.*.self_attn.q_proj,21.246952056884766,21.25,3082.541176470588,0,0,4.7791028423213073e-05
model.language_model.layers.15.self_attn.k_proj,model.language_model.layers.*.self_attn.k_proj,11.723777770996094,11.734375,5582.231691078562,0,0,3.361369755968969e-05
model.language_model.layers.15.self_attn.v_proj,model.language_model.layers.*.self_attn.v_proj,6.063614368438721,6.05078125,10825.709489993544,0,0,7.958429050237253e-05
model.language_model.layers.15.self_attn.o_proj,model.language_model.layers.*.self_attn.o_proj,11.936352729797363,12.0,5458.666666666667,0,0,0.00018260438928692475
model.language_model.layers.15.post_attention_layernorm,model.language_model.layers.*.post_attention_layernorm,14.98339557647705,15.0,4366.933333333333,0,0,5.9743382588310615e-05
model.language_model.layers.15.mlp.gate_proj,model.language_model.layers.*.mlp.gate_proj,9.250728607177734,9.0859375,7209.382631126397,0,0,5.2831543576844726e-05
model.language_model.layers.15.mlp.act_fn,model.language_model.layers.*.mlp.act_fn,8.663871765136719,8.671875,7553.614414414415,0,0,0.000106357563832191
model.language_model.layers.15.mlp.up_proj,model.language_model.layers.*.mlp.up_proj,7.656460762023926,7.66796875,8542.549159449822,0,0,9.059157480325305e-05
model.language_model.layers.15.mlp.down_proj,model.language_model.layers.*.mlp.down_proj,23.755205154418945,23.765625,2756.249835634451,0,0,0.00010165936923344883
model.language_model.layers.15,model.language_model.layers.*,2893.40966796875,2902.0,22.572019297036526,0,0,4.266071025080967e-06
model.language_model.layers.16.input_layernorm,model.language_model.layers.*.input_layernorm,20.167184829711914,20.171875,3247.2935708752907,0,0,0.00016341626379264893
model.language_model.layers.16.self_attn.q_proj,model.language_model.layers.*.self_attn.q_proj,17.839008331298828,17.84375,3670.9772329246935,0,0,4.2789427911049185e-05
model.language_model.layers.16.self_attn.k_proj,model.language_model.layers.*.self_attn.k_proj,14.026782989501953,14.046875,4663.2436040044495,0,0,2.9715391278150186e-05
model.language_model.layers.16.self_attn.v_proj,model.language_model.layers.*.self_attn.v_proj,5.944701671600342,5.96875,10974.492146596858,0,0,7.78190197333735e-05
model.language_model.layers.16.self_attn.o_proj,model.language_model.layers.*.self_attn.o_proj,19.811643600463867,19.671875,3329.830023828435,0,0,0.0001914951019620396
model.language_model.layers.16.post_attention_layernorm,model.language_model.layers.*.post_attention_layernorm,18.283010482788086,18.296875,3580.0649017933392,0,0,7.26887015609701e-05
model.language_model.layers.16.mlp.gate_proj,model.language_model.layers.*.mlp.gate_proj,10.980168342590332,10.78125,6075.733333333334,0,0,4.7315072423722784e-05
model.language_model.layers.16.mlp.act_fn,model.language_model.layers.*.mlp.act_fn,10.979981422424316,10.78125,6075.733333333334,0,0,9.498935692253258e-05
model.language_model.layers.16.mlp.up_proj,model.language_model.layers.*.mlp.up_proj,7.250794887542725,7.265625,9015.60430107527,0,0,9.261342562588564e-05
model.language_model.layers.16.mlp.down_proj,model.language_model.layers.*.mlp.down_proj,31.213281631469727,31.1875,2100.3286573146293,0,0,0.00010632078735783686
model.language_model.layers.16,model.language_model.layers.*,2911.9140625,2920.0,22.432876712328767,0,0,3.9626651116592605e-06
model.language_model.layers.17.input_layernorm,model.language_model.layers.*.input_layernorm,32.83328628540039,32.8125,1996.3123809523809,0,0,0.0010091924268707162
model.language_model.layers.17.self_attn.q_proj,model.language_model.layers.*.self_attn.q_proj,21.219654083251953,21.234375,3084.8094186902135,0,0,4.3433016212246744e-05
model.language_model.layers.17.self_attn.k_proj,model.language_model.layers.*.self_attn.k_proj,16.27071762084961,16.296875,4019.420901246405,0,0,3.890950986668675e-05
model.language_model.layers.17.self_attn.v_proj,model.language_model.layers.*.self_attn.v_proj,6.307321071624756,6.265625,10454.503740648379,0,0,7.024306601641937e-05
model.language_model.layers.17.self_attn.o_proj,model.language_model.layers.*.self_attn.o_proj,22.34572982788086,22.359375,2929.598881900769,0,0,0.00016972342914438503
model.language_model.layers.17.post_attention_layernorm,model.language_model.layers.*.post_attention_layernorm,16.79791259765625,16.8125,3896.1486988847582,0,0,6.252000640204865e-05
model.language_model.layers.17.mlp.gate_proj,model.language_model.layers.*.mlp.gate_proj,11.070271492004395,11.0703125,5917.086803105151,0,0,5.830354085400351e-05
model.language_model.layers.17.mlp.act_fn,model.language_model.layers.*.mlp.act_fn,8.924817085266113,8.90625,7354.835087719298,0,0,0.00011637444912604592
model.language_model.layers.17.mlp.up_proj,model.language_model.layers.*.mlp.up_proj,9.318209648132324,9.296875,7045.808403361345,0,0,9.077460190817834e-05
model.language_model.layers.17.mlp.down_proj,model.language_model.layers.*.mlp.down_proj,23.98741912841797,24.015625,2727.557579700716,0,0,0.00010438082833565564
model.language_model.layers.17,model.language_model.layers.*,2918.399658203125,2926.0,22.386876281613123,0,0,3.898306281539505e-06
model.language_model.layers.18.input_layernorm,model.language_model.layers.*.input_layernorm,24.117467880249023,24.140625,2713.4343042071196,0,0,0.0002909294944970626
model.language_model.layers.18.self_attn.q_proj,model.language_model.layers.*.self_attn.q_proj,19.348722457885742,19.34375,3386.313408723748,0,0,4.545572230172479e-05
model.language_model.layers.18.self_attn.k_proj,model.language_model.layers.*.self_attn.k_proj,34.90250778198242,34.875,1878.2508960573477,0,0,3.0671579611357985e-05
model.language_model.layers.18.self_attn.v_proj,model.language_model.layers.*.self_attn.v_proj,7.0576701164245605,7.06640625,9269.775566611388,0,0,6.788937165775401e-05
model.language_model.layers.18.self_attn.o_proj,model.language_model.layers.*.self_attn.o_proj,18.931262969970703,18.9375,3458.957095709571,0,0,0.00015448877464317994
model.language_model.layers.18.post_attention_layernorm,model.language_model.layers.*.post_attention_layernorm,17.020652770996094,17.03125,3846.1064220183484,0,0,5.9826129655607444e-05
model.language_model.layers.18.mlp.gate_proj,model.language_model.layers.*.mlp.gate_proj,9.338249206542969,9.3203125,7028.090528080469,0,0,5.462076181751622e-05
model.language_model.layers.18.mlp.act_fn,model.language_model.layers.*.mlp.act_fn,8.784870147705078,8.78125,7459.53024911032,0,0,0.0001091200757429792
model.language_model.layers.18.mlp.up_proj,model.language_model.layers.*.mlp.up_proj,7.82219934463501,7.81640625,8380.32183908046,0,0,8.957722832455497e-05
model.language_model.layers.18.mlp.down_proj,model.language_model.layers.*.mlp.down_proj,29.556804656982422,29.515625,2219.2991000529382,0,0,0.00010271669287113053
model.language_model.layers.18,model.language_model.layers.*,2918.520263671875,2926.0,22.386876281613123,0,0,3.5857062495292613e-06
model.language_model.layers.19.input_layernorm,model.language_model.layers.*.input_layernorm,29.448495864868164,29.46875,2222.829268292683,0,0,0.0005253151596746252
model.language_model.layers.19.self_attn.q_proj,model.language_model.layers.*.self_attn.q_proj,28.26315689086914,28.28125,2316.163535911602,0,0,4.2862980859757474e-05
model.language_model.layers.19.self_attn.k_proj,model.language_model.layers.*.self_attn.k_proj,24.814191818237305,24.8125,2639.9596977329975,0,0,3.324593281614823e-05
model.language_model.layers.19.self_attn.v_proj,model.language_model.layers.*.self_attn.v_proj,6.474714279174805,6.4921875,10089.665463297233,0,0,6.457948896588085e-05
model.language_model.layers.19.self_attn.o_proj,model.language_model.layers.*.self_attn.o_proj,44.74800109863281,44.78125,1462.75505931612,0,0,0.00016049253408149432
model.language_model.layers.19.post_attention_layernorm,model.language_model.layers.*.post_attention_layernorm,16.51736831665039,16.53125,3962.4347826086955,0,0,6.247403580910598e-05
model.language_model.layers.19.mlp.gate_proj,model.language_model.layers.*.mlp.gate_proj,9.087101936340332,9.078125,7215.5869191049915,0,0,6.466672618411627e-05
model.language_model.layers.19.mlp.act_fn,model.language_model.layers.*.mlp.act_fn,7.109466552734375,7.109375,9213.74945054945,0,0,0.00012978332272893674
model.language_model.layers.19.mlp.up_proj,model.language_model.layers.*.mlp.up_proj,8.702951431274414,8.6953125,7533.254267744834,0,0,8.87048561422008e-05
model.language_model.layers.19.mlp.down_proj,model.language_model.layers.*.mlp.down_proj,30.104869842529297,30.0625,2178.927234927235,0,0,0.00010377401650881223
model.language_model.layers.19,model.language_model.layers.*,2921.7138671875,2928.0,22.371584699453553,0,0,3.5397356565865783e-06
model.language_model.layers.20.input_layernorm,model.language_model.layers.*.input_layernorm,35.90140914916992,35.96875,1821.136403127715,0,0,0.0005209203709893048
model.language_model.layers.20.self_attn.q_proj,model.language_model.layers.*.self_attn.q_proj,19.38713264465332,19.3125,3391.7928802588995,0,0,4.2403274930330645e-05
model.language_model.layers.20.self_attn.k_proj,model.language_model.layers.*.self_attn.k_proj,26.124744415283203,25.8125,2537.685230024213,0,0,4.104254537922724e-05
model.language_model.layers.20.self_attn.v_proj,model.language_model.layers.*.self_attn.v_proj,10.98477840423584,10.9921875,5959.141435678749,0,0,6.457948896588085e-05
model.language_model.layers.20.self_attn.o_proj,model.language_model.layers.*.self_attn.o_proj,19.74241828918457,19.734375,3319.2842438638163,0,0,0.00020404507383539204
model.language_model.layers.20.post_attention_layernorm,model.language_model.layers.*.post_attention_layernorm,17.581117630004883,17.59375,3723.1403197158083,0,0,6.964544830816449e-05
model.language_model.layers.20.mlp.gate_proj,model.language_model.layers.*.mlp.gate_proj,8.923529624938965,8.796875,7446.280639431617,0,0,5.7453405609630925e-05
model.language_model.layers.20.mlp.act_fn,model.language_model.layers.*.mlp.act_fn,8.922340393066406,8.796875,7446.280639431617,0,0,0.00011421404507445118
model.language_model.layers.20.mlp.up_proj,model.language_model.layers.*.mlp.up_proj,9.955716133117676,10.515625,6229.206537890044,0,0,8.740998213819667e-05
model.language_model.layers.20.mlp.down_proj,model.language_model.layers.*.mlp.down_proj,31.198118209838867,31.203125,2099.2769153730596,0,0,9.416616258379152e-05
model.language_model.layers.20,model.language_model.layers.*,2921.59228515625,2928.0,22.371584699453553,0,0,3.3466591662273106e-06
model.language_model.layers.21.input_layernorm,model.language_model.layers.*.input_layernorm,31.793649673461914,31.671875,2068.2072027627037,0,0,0.00021249446881825714
model.language_model.layers.21.self_attn.q_proj,model.language_model.layers.*.self_attn.q_proj,21.218856811523438,21.1875,3091.6342182890858,0,0,4.2890563215523086e-05
model.language_model.layers.21.self_attn.k_proj,model.language_model.layers.*.self_attn.k_proj,21.2025089263916,21.203125,3089.35593220339,0,0,5.288457012126233e-05
model.language_model.layers.21.self_attn.v_proj,model.language_model.layers.*.self_attn.v_proj,6.890939712524414,6.90234375,9490.109790605546,0,0,5.7518405889884766e-05
model.language_model.layers.21.self_attn.o_proj,model.language_model.layers.*.self_attn.o_proj,28.95191192626953,29.0,2258.7586206896553,0,0,0.00016763636422478722
model.language_model.layers.21.post_attention_layernorm,model.language_model.layers.*.post_attention_layernorm,18.31977653503418,18.328125,3573.9607843137255,0,0,9.330191543646908e-05
model.language_model.layers.21.mlp.gate_proj,model.language_model.layers.*.mlp.gate_proj,11.999414443969727,11.9921875,5462.222801302932,0,0,5.611918933073631e-05
model.language_model.layers.21.mlp.act_fn,model.language_model.layers.*.mlp.act_fn,11.999340057373047,11.9921875,5462.222801302932,0,0,0.00011181074523875
model.language_model.layers.21.mlp.up_proj,model.language_model.layers.*.mlp.up_proj,7.171163558959961,7.17578125,9128.483396842677,0,0,8.852011850358462e-05
model.language_model.layers.21.mlp.down_proj,model.language_model.layers.*.mlp.down_proj,28.148073196411133,28.1875,2323.866962305987,0,0,0.00010528185195733223
model.language_model.layers.21,model.language_model.layers.*,2921.035888671875,2928.0,22.371584699453553,0,0,3.420212114935603e-06
model.language_model.layers.22.input_layernorm,model.language_model.layers.*.input_layernorm,37.42335891723633,37.15625,1762.9335576114381,0,0,0.0004534079581936808
model.language_model.layers.22.self_attn.q_proj,model.language_model.layers.*.self_attn.q_proj,22.363388061523438,22.828125,2869.4428473648186,0,0,4.370883976990284e-05
model.language_model.layers.22.self_attn.k_proj,model.language_model.layers.*.self_attn.k_proj,14.372747421264648,14.328125,4571.707742639041,0,0,4.869205204488966e-05
model.language_model.layers.22.self_attn.v_proj,model.language_model.layers.*.self_attn.v_proj,7.63411283493042,7.63671875,8577.505882352942,0,0,5.9063017812758904e-05
model.language_model.layers.22.self_attn.o_proj,model.language_model.layers.*.self_attn.o_proj,25.100431442260742,25.078125,2611.997507788162,0,0,0.00018988613120904572
model.language_model.layers.22.post_attention_layernorm,model.language_model.layers.*.post_attention_layernorm,17.841699600219727,17.859375,3667.7655293088364,0,0,6.595860675416133e-05
model.language_model.layers.22.mlp.gate_proj,model.language_model.layers.*.mlp.gate_proj,9.104400634765625,9.1015625,7197.006008583691,0,0,5.578563526101266e-05
model.language_model.layers.22.mlp.act_fn,model.language_model.layers.*.mlp.act_fn,9.103387832641602,9.1015625,7197.006008583691,0,0,0.00011197153540569371
model.language_model.layers.22.mlp.up_proj,model.language_model.layers.*.mlp.up_proj,7.900279521942139,7.87109375,8322.096277915633,0,0,8.592010729343102e-05
model.language_model.layers.22.mlp.down_proj,model.language_model.layers.*.mlp.down_proj,24.620410919189453,24.609375,2661.7498412698415,0,0,0.00010388434593187467
model.language_model.layers.22,model.language_model.layers.*,2919.9697265625,2926.0,22.386876281613123,0,0,3.309882691873164e-06
model.language_model.layers.23.input_layernorm,model.language_model.layers.*.input_layernorm,31.5837345123291,31.609375,2072.296589223925,0,0,0.00010679888152444077
model.language_model.layers.23.self_attn.q_proj,model.language_model.layers.*.self_attn.q_proj,17.731067657470703,18.5,3540.7567567567567,0,0,4.327671619624162e-05
model.language_model.layers.23.self_attn.k_proj,model.language_model.layers.*.self_attn.k_proj,16.8145809173584,16.8125,3896.1486988847582,0,0,4.001280409731114e-05
model.language_model.layers.23.self_attn.v_proj,model.language_model.layers.*.self_attn.v_proj,6.531462669372559,6.5234375,10041.331736526947,0,0,6.369685358138134e-05
model.language_model.layers.23.self_attn.o_proj,model.language_model.layers.*.self_attn.o_proj,19.839988708496094,19.828125,3303.5902285263987,0,0,0.00019714029077540107
model.language_model.layers.23.post_attention_layernorm,model.language_model.layers.*.post_attention_layernorm,16.500879287719727,16.5,3969.939393939394,0,0,6.506677725107328e-05
model.language_model.layers.23.mlp.gate_proj,model.language_model.layers.*.mlp.gate_proj,12.759784698486328,12.8203125,5109.39183424741,0,0,6.115500051671802e-05
model.language_model.layers.23.mlp.act_fn,model.language_model.layers.*.mlp.act_fn,12.759748458862305,12.8203125,5109.39183424741,0,0,0.00012300618824562847
model.language_model.layers.23.mlp.up_proj,model.language_model.layers.*.mlp.up_proj,8.640608787536621,8.671875,7553.614414414415,0,0,8.294206813759063e-05
model.language_model.layers.23.mlp.down_proj,model.language_model.layers.*.mlp.down_proj,26.78020477294922,26.796875,2444.464139941691,0,0,9.571077450666566e-05
model.language_model.layers.23,model.language_model.layers.*,2919.852783203125,2926.0,22.386876281613123,0,0,2.546770849024629e-06
model.language_model.layers.24.input_layernorm,model.language_model.layers.*.input_layernorm,28.709531784057617,28.71875,2280.879216539717,0,0,0.0005224374005564134
model.language_model.layers.24.self_attn.q_proj,model.language_model.layers.*.self_attn.q_proj,26.04553985595703,26.0625,2513.3429256594723,0,0,4.2440051404684796e-05
model.language_model.layers.24.self_attn.k_proj,model.language_model.layers.*.self_attn.k_proj,15.305249214172363,15.46875,4234.60202020202,0,0,3.854174512314529e-05
model.language_model.layers.24.self_attn.v_proj,model.language_model.layers.*.self_attn.v_proj,6.87888240814209,6.77734375,9665.143515850144,0,0,7.78190197333735e-05
model.language_model.layers.24.self_attn.o_proj,model.language_model.layers.*.self_attn.o_proj,23.28254508972168,23.375,2802.3101604278077,0,0,0.0002315446825337049
model.language_model.layers.24.post_attention_layernorm,model.language_model.layers.*.post_attention_layernorm,16.511327743530273,16.515625,3966.1835383159887,0,0,7.262434273085035e-05
model.language_model.layers.24.mlp.gate_proj,model.language_model.layers.*.mlp.gate_proj,8.793240547180176,8.7890625,7452.899555555556,0,0,6.13209222847344e-05
model.language_model.layers.24.mlp.act_fn,model.language_model.layers.*.mlp.act_fn,8.791906356811523,8.7890625,7452.899555555556,0,0,0.00012305066212159164
model.language_model.layers.24.mlp.up_proj,model.language_model.layers.*.mlp.up_proj,6.864765167236328,6.91796875,9468.675324675325,0,0,8.262561940477587e-05
model.language_model.layers.24.mlp.down_proj,model.language_model.layers.*.mlp.down_proj,22.81934928894043,22.34375,2931.6475524475522,0,0,9.416616258379152e-05
model.language_model.layers.24,model.language_model.layers.*,2919.57958984375,2926.0,22.386876281613123,0,0,2.703070865029751e-06
model.language_model.layers.25.input_layernorm,model.language_model.layers.*.input_layernorm,35.828800201416016,35.84375,1827.487358326068,0,0,0.0005160842646117345
model.language_model.layers.25.self_attn.q_proj,model.language_model.layers.*.self_attn.q_proj,21.82097053527832,21.765625,3009.516152189519,0,0,4.70922754104843e-05
model.language_model.layers.25.self_attn.k_proj,model.language_model.layers.*.self_attn.k_proj,12.393969535827637,12.4140625,5276.596601636249,0,0,4.700033422459893e-05
model.language_model.layers.25.self_attn.v_proj,model.language_model.layers.*.self_attn.v_proj,12.621639251708984,11.7109375,5593.403602401601,0,0,5.8989464864050615e-05
model.language_model.layers.25.self_attn.o_proj,model.language_model.layers.*.self_attn.o_proj,18.48630714416504,18.46875,3546.7478849407785,0,0,0.00036001410157132635
model.language_model.layers.25.post_attention_layernorm,model.language_model.layers.*.post_attention_layernorm,18.713167190551758,18.71875,3499.3789649415694,0,0,8.406182625498984e-05
model.language_model.layers.25.mlp.gate_proj,model.language_model.layers.*.mlp.gate_proj,19.43822479248047,19.4375,3369.9807073954985,0,0,6.0193680582437545e-05
model.language_model.layers.25.mlp.act_fn,model.language_model.layers.*.mlp.act_fn,19.43822479248047,19.4375,3369.9807073954985,0,0,0.00012029670287925789
model.language_model.layers.25.mlp.up_proj,model.language_model.layers.*.mlp.up_proj,7.010498523712158,7.0546875,9285.173864894796,0,0,8.196193233271035e-05
model.language_model.layers.25.mlp.down_proj,model.language_model.layers.*.mlp.down_proj,21.33154296875,21.9375,2985.937321937322,0,0,8.756478543722226e-05
model.language_model.layers.25,model.language_model.layers.*,2914.741943359375,2922.0,22.417522245037645,0,0,2.5191884932590193e-06
model.language_model.layers.26.input_layernorm,model.language_model.layers.*.input_layernorm,28.696414947509766,28.71875,2280.879216539717,0,0,0.00023278588854315735
model.language_model.layers.26.self_attn.q_proj,model.language_model.layers.*.self_attn.q_proj,22.961687088012695,22.921875,2857.7068847989094,0,0,4.8351869657113804e-05
model.language_model.layers.26.self_attn.k_proj,model.language_model.layers.*.self_attn.k_proj,14.684110641479492,14.6796875,4462.220329962746,0,0,4.641191063493259e-05
model.language_model.layers.26.self_attn.v_proj,model.language_model.layers.*.self_attn.v_proj,8.27139663696289,8.2421875,7947.404739336493,0,0,5.0972193454846725e-05
model.language_model.layers.26.self_attn.o_proj,model.language_model.layers.*.self_attn.o_proj,30.729549407958984,30.734375,2131.294356888663,0,0,0.00025465869666528584
model.language_model.layers.26.post_attention_layernorm,model.language_model.layers.*.post_attention_layernorm,19.60931968688965,19.625,3337.7834394904457,0,0,7.362650165700083e-05
model.language_model.layers.26.mlp.gate_proj,model.language_model.layers.*.mlp.gate_proj,8.547675132751465,8.5546875,7657.0885844748855,0,0,5.85413050370373e-05
model.language_model.layers.26.mlp.act_fn,model.language_model.layers.*.mlp.act_fn,8.383465766906738,8.421875,7777.8404452690165,0,0,0.00011770524433755874
model.language_model.layers.26.mlp.up_proj,model.language_model.layers.*.mlp.up_proj,8.196481704711914,8.1953125,7992.861773117254,0,0,7.965613291738993e-05
model.language_model.layers.26.mlp.down_proj,model.language_model.layers.*.mlp.down_proj,47.243282318115234,47.03125,1392.7760797342194,0,0,8.119326125536643e-05
model.language_model.layers.26,model.language_model.layers.*,2911.66015625,2918.0,22.44825222755312,0,0,2.2801414099570686e-06
model.language_model.layers.27.input_layernorm,model.language_model.layers.*.input_layernorm,39.27906036376953,39.34375,1664.9150119142175,0,0,0.00042372934338988475
model.language_model.layers.27.self_attn.q_proj,model.language_model.layers.*.self_attn.q_proj,79.22293853759766,79.25,826.5488958990536,0,0,4.2596351420689915e-05
model.language_model.layers.27.self_attn.k_proj,model.language_model.layers.*.self_attn.k_proj,43.80585479736328,43.8125,1495.0984308131242,0,0,6.899266588837839e-05
model.language_model.layers.27.self_attn.v_proj,model.language_model.layers.*.self_attn.v_proj,7.623983383178711,7.6171875,8599.499487179488,0,0,4.6779675378474054e-05
model.language_model.layers.27.self_attn.o_proj,model.language_model.layers.*.self_attn.o_proj,47.168582916259766,47.125,1390.0053050397878,0,0,0.0001336089313286134
model.language_model.layers.27.post_attention_layernorm,model.language_model.layers.*.post_attention_layernorm,22.362716674804688,22.375,2927.5530726256984,0,0,5.147786997721624e-05
model.language_model.layers.27.mlp.gate_proj,model.language_model.layers.*.mlp.gate_proj,18.503082275390625,18.5,3540.7567567567567,0,0,5.537852824258072e-05
model.language_model.layers.27.mlp.act_fn,model.language_model.layers.*.mlp.act_fn,18.503082275390625,18.5,3540.7567567567567,0,0,0.00011079126715897924
model.language_model.layers.27.mlp.up_proj,model.language_model.layers.*.mlp.up_proj,11.930862426757812,11.9375,5487.246073298429,0,0,7.942007926804704e-05
model.language_model.layers.27.mlp.down_proj,model.language_model.layers.*.mlp.down_proj,52.40736770629883,52.1875,1255.1664670658683,0,0,8.257237904364691e-05
model.language_model.layers.27,model.language_model.layers.*,2906.514892578125,2912.0,22.494505494505493,0,0,1.9859296151238983e-06
model.language_model.layers.28.input_layernorm,model.language_model.layers.*.input_layernorm,31.80567169189453,31.8125,2059.064833005894,0,0,0.00019421656106424645
model.language_model.layers.28.self_attn.q_proj,model.language_model.layers.*.self_attn.q_proj,24.053831100463867,24.0625,2722.244155844156,0,0,4.412257510638699e-05
model.language_model.layers.28.self_attn.k_proj,model.language_model.layers.*.self_attn.k_proj,17.009078979492188,17.0,3853.176470588235,0,0,5.141351114709648e-05
model.language_model.layers.28.self_attn.v_proj,model.language_model.layers.*.self_attn.v_proj,7.981287002563477,7.984375,8204.023483365949,0,0,5.0898640506138436e-05
model.language_model.layers.28.self_attn.o_proj,model.language_model.layers.*.self_attn.o_proj,35.86719512939453,35.8125,1829.0820244328097,0,0,0.00016798574073115163
model.language_model.layers.28.post_attention_layernorm,model.language_model.layers.*.post_attention_layernorm,27.154621124267578,27.171875,2410.7280046003452,0,0,5.31787819160955e-05
model.language_model.layers.28.mlp.gate_proj,model.language_model.layers.*.mlp.gate_proj,29.538454055786133,29.53125,2218.1248677248677,0,0,4.926337029764709e-05
model.language_model.layers.28.mlp.act_fn,model.language_model.layers.*.mlp.act_fn,29.538454055786133,29.53125,2218.1248677248677,0,0,0.00013026911429714965
model.language_model.layers.28.mlp.up_proj,model.language_model.layers.*.mlp.up_proj,9.106754302978516,9.1328125,7172.379811804962,0,0,7.352558016923829e-05
model.language_model.layers.28.mlp.down_proj,model.language_model.layers.*.mlp.down_proj,44.80291748046875,44.5625,1469.9354838709678,0,0,7.944637872354448e-05
model.language_model.layers.28,model.language_model.layers.*,2901.0380859375,2906.0,22.540949759119066,0,0,1.7928531247646306e-06
model.language_model.layers.29.input_layernorm,model.language_model.layers.*.input_layernorm,34.777069091796875,34.8125,1881.6229802513465,0,0,0.0005073958225455675
model.language_model.layers.29.self_attn.q_proj,model.language_model.layers.*.self_attn.q_proj,16.703582763671875,16.59375,3947.5103578154426,0,0,4.8351869657113804e-05
model.language_model.layers.29.self_attn.k_proj,model.language_model.layers.*.self_attn.k_proj,28.74842643737793,28.75,2278.4,0,0,5.634155871055208e-05
model.language_model.layers.29.self_attn.v_proj,model.language_model.layers.*.self_attn.v_proj,7.6033430099487305,7.61328125,8603.911749615187,0,0,5.9651441402425246e-05
model.language_model.layers.29.self_attn.o_proj,model.language_model.layers.*.self_attn.o_proj,22.606576919555664,22.640625,2893.2063492063494,0,0,0.00026400911526982754
model.language_model.layers.29.post_attention_layernorm,model.language_model.layers.*.post_attention_layernorm,32.264347076416016,32.28125,2029.165537270087,0,0,6.345780649807939e-05
model.language_model.layers.29.mlp.gate_proj,model.language_model.layers.*.mlp.gate_proj,30.86455726623535,30.859375,2122.661265822785,0,0,4.450295503589877e-05
model.language_model.layers.29.mlp.act_fn,model.language_model.layers.*.mlp.act_fn,30.86455726623535,30.859375,2122.661265822785,0,0,9.0420521434164e-05
model.language_model.layers.29.mlp.up_proj,model.language_model.layers.*.mlp.up_proj,28.24059295654297,28.25,2318.7256637168143,0,0,6.99129330140775e-05
model.language_model.layers.29.mlp.down_proj,model.language_model.layers.*.mlp.down_proj,72.09408569335938,72.125,908.2010398613518,0,0,7.238529564754839e-05
model.language_model.layers.29,model.language_model.layers.*,2871.527587890625,2876.0,22.776077885952713,0,0,1.4250883812231678e-06
model.language_model.layers.30.input_layernorm,model.language_model.layers.*.input_layernorm,42.02952575683594,42.09375,1556.1455085374907,0,0,3.19311738579875e-05
model.language_model.layers.30.self_attn.q_proj,model.language_model.layers.*.self_attn.q_proj,24.597475051879883,24.640625,2658.3741280913127,0,0,4.4821328119115764e-05
model.language_model.layers.30.self_attn.k_proj,model.language_model.layers.*.self_attn.k_proj,12.611129760742188,12.6015625,5198.085554866708,0,0,4.523506345559991e-05
model.language_model.layers.30.self_attn.v_proj,model.language_model.layers.*.self_attn.v_proj,10.085650444030762,10.09375,6489.560371517028,0,0,4.133675717406041e-05
model.language_model.layers.30.self_attn.o_proj,model.language_model.layers.*.self_attn.o_proj,14.811494827270508,14.7734375,4433.903754627181,0,0,0.00013498804911689388
model.language_model.layers.30.post_attention_layernorm,model.language_model.layers.*.post_attention_layernorm,83.79335021972656,83.8125,781.5540641312454,0,0,3.883595691797846e-05
model.language_model.layers.30.mlp.gate_proj,model.language_model.layers.*.mlp.gate_proj,62.555931091308594,62.59375,1046.494258612082,0,0,3.718358137257821e-05
model.language_model.layers.30.mlp.act_fn,model.language_model.layers.*.mlp.act_fn,62.555931091308594,62.59375,1046.494258612082,0,0,0.00015140104751441117
model.language_model.layers.30.mlp.up_proj,model.language_model.layers.*.mlp.up_proj,50.41640090942383,50.4375,1298.7162329615862,0,0,6.058539279765147e-05
model.language_model.layers.30.mlp.down_proj,model.language_model.layers.*.mlp.down_proj,4413.55029296875,4420.0,14.819909502262444,0,0,5.291215247702794e-05
model.language_model.layers.30,model.language_model.layers.*,4437.28173828125,4444.0,14.73987398739874,0,0,9.469942146192664e-07
model.language_model.layers.31.input_layernorm,model.language_model.layers.*.input_layernorm,45.709224700927734,45.46875,1440.6378006872853,0,0,4.394788685320479e-05
model.language_model.layers.31.self_attn.q_proj,model.language_model.layers.*.self_attn.q_proj,22.57244873046875,22.5625,2903.224376731302,0,0,4.803926962510356e-05
model.language_model.layers.31.self_attn.k_proj,model.language_model.layers.*.self_attn.k_proj,14.714824676513672,14.8046875,4424.544591029024,0,0,5.3840758454470134e-05
model.language_model.layers.31.self_attn.v_proj,model.language_model.layers.*.self_attn.v_proj,13.51723575592041,13.5078125,4849.341816078658,0,0,3.368725050839798e-05
model.language_model.layers.31.self_attn.o_proj,model.language_model.layers.*.self_attn.o_proj,61.77168655395508,61.90625,1058.1161029782938,0,0,8.088985534194471e-05
model.language_model.layers.31.post_attention_layernorm,model.language_model.layers.*.post_attention_layernorm,32.768104553222656,32.78125,1998.2154432793136,0,0,2.4566684868569708e-05
model.language_model.layers.31.mlp.gate_proj,model.language_model.layers.*.mlp.gate_proj,15.850090980529785,16.125,4062.263565891473,0,0,3.172697889863744e-05
model.language_model.layers.31.mlp.act_fn,model.language_model.layers.*.mlp.act_fn,15.850089073181152,16.125,4062.263565891473,0,0,6.394659150025135e-05
model.language_model.layers.31.mlp.up_proj,model.language_model.layers.*.mlp.up_proj,13.68460464477539,13.6875,4785.680365296804,0,0,5.273233262277308e-05
model.language_model.layers.31.mlp.down_proj,model.language_model.layers.*.mlp.down_proj,132.0216522216797,129.5,505.82239382239385,0,0,4.544652818313625e-05
model.language_model.layers.31,model.language_model.layers.*,4427.62158203125,4432.0,14.779783393501805,0,0,7.355294870829254e-07
model.language_model.layers.32.input_layernorm,model.language_model.layers.*.input_layernorm,47.86965560913086,48.375,1354.0878552971576,0,0,5.59186292554794e-05
model.language_model.layers.32.self_attn.q_proj,model.language_model.layers.*.self_attn.q_proj,18.021360397338867,18.234375,3592.335904027421,0,0,4.9482746243503804e-05
model.language_model.layers.32.self_attn.k_proj,model.language_model.layers.*.self_attn.k_proj,14.294133186340332,14.28125,4586.713347921225,0,0,6.70067362732545e-05
model.language_model.layers.32.self_attn.v_proj,model.language_model.layers.*.self_attn.v_proj,19.938695907592773,19.90625,3290.624803767661,0,0,2.030061384348874e-05
model.language_model.layers.32.self_attn.o_proj,model.language_model.layers.*.self_attn.o_proj,32.07905960083008,31.0625,2108.7806841046277,0,0,9.593143335279054e-05
model.language_model.layers.32.post_attention_layernorm,model.language_model.layers.*.post_attention_layernorm,36.28449630737305,36.3125,1803.8967297762479,0,0,0.0005195044767266701
model.language_model.layers.32.mlp.gate_proj,model.language_model.layers.*.mlp.gate_proj,18.382986068725586,18.703125,3502.3024227234755,0,0,3.1195002920770486e-05
model.language_model.layers.32.mlp.act_fn,model.language_model.layers.*.mlp.act_fn,18.382986068725586,18.703125,3502.3024227234755,0,0,6.215908379327076e-05
model.language_model.layers.32.mlp.up_proj,model.language_model.layers.*.mlp.up_proj,18.59024429321289,18.609375,3519.9462636439966,0,0,5.102864106664612e-05
model.language_model.layers.32.mlp.down_proj,model.language_model.layers.*.mlp.down_proj,80.54411315917969,80.625,812.4527131782946,0,0,4.438920454545455e-05
model.language_model.layers.32,model.language_model.layers.*,4426.5576171875,4432.0,14.779783393501805,0,0,5.976177082548768e-07
model.language_model.layers.33.input_layernorm,model.language_model.layers.*.input_layernorm,51.52960968017578,52.375,1250.673031026253,0,0,8.535819697597349e-05
model.language_model.layers.33.self_attn.q_proj,model.language_model.layers.*.self_attn.q_proj,17.650230407714844,17.640625,3713.247121346324,0,0,5.1064134640732094e-05
model.language_model.layers.33.self_attn.k_proj,model.language_model.layers.*.self_attn.k_proj,13.512483596801758,13.5234375,4843.738879260543,0,0,7.715704319499887e-05
model.language_model.layers.33.self_attn.v_proj,model.language_model.layers.*.self_attn.v_proj,32.80186080932617,32.875,1992.5171102661598,0,0,1.4269272049408752e-05
model.language_model.layers.33.self_attn.o_proj,model.language_model.layers.*.self_attn.o_proj,50.23649978637695,50.125,1306.8129675810474,0,0,0.00010888594644403856
model.language_model.layers.33.post_attention_layernorm,model.language_model.layers.*.post_attention_layernorm,40.905948638916016,40.90625,1601.320091673033,0,0,4.3809975074376744e-05
model.language_model.layers.33.mlp.gate_proj,model.language_model.layers.*.mlp.gate_proj,22.97304916381836,23.203125,2823.0680134680133,0,0,3.7746346956881195e-05
model.language_model.layers.33.mlp.act_fn,model.language_model.layers.*.mlp.act_fn,22.97304916381836,23.203125,2823.0680134680133,0,0,7.55628257950889e-05
model.language_model.layers.33.mlp.up_proj,model.language_model.layers.*.mlp.up_proj,18.13565444946289,18.171875,3604.6913155631987,0,0,4.944468686888149e-05
model.language_model.layers.33.mlp.down_proj,model.language_model.layers.*.mlp.down_proj,103.65724182128906,102.125,641.4100367197062,0,0,3.680405670991188e-05
model.language_model.layers.33,model.language_model.layers.*,4376.13330078125,4380.0,14.95525114155251,0,0,4.413176922497552e-07
model.language_model.layers.34.input_layernorm,model.language_model.layers.*.input_layernorm,42.636356353759766,42.71875,1533.3782004389172,0,0,1.754237826692777e-05
model.language_model.layers.34.self_attn.q_proj,model.language_model.layers.*.self_attn.q_proj,17.6922664642334,17.65625,3709.9610619469026,0,0,3.7024715556036756e-05
model.language_model.layers.34.self_attn.k_proj,model.language_model.layers.*.self_attn.k_proj,15.429769515991211,15.4296875,4245.32253164557,0,0,3.913016871281163e-05
model.language_model.layers.34.self_attn.v_proj,model.language_model.layers.*.self_attn.v_proj,11.077311515808105,11.0546875,5925.450176678445,0,0,3.640870961060481e-05
model.language_model.layers.34.self_attn.o_proj,model.language_model.layers.*.self_attn.o_proj,58.74063491821289,58.65625,1116.7437400106553,0,0,5.8897523678165246e-05
model.language_model.layers.34.post_attention_layernorm,model.language_model.layers.*.post_attention_layernorm,51.831844329833984,51.875,1262.7277108433734,0,0,2.273705526945093e-05
model.language_model.layers.34.mlp.gate_proj,model.language_model.layers.*.mlp.gate_proj,18.375328063964844,18.390625,3561.8147833474936,0,0,2.7005905911779596e-05
model.language_model.layers.34.mlp.act_fn,model.language_model.layers.*.mlp.act_fn,16.318601608276367,17.5625,3729.76512455516,0,0,5.372444216348958e-05
model.language_model.layers.34.mlp.up_proj,model.language_model.layers.*.mlp.up_proj,54.93220138549805,54.96875,1191.6588971006254,0,0,3.898477334908593e-05
model.language_model.layers.34.mlp.down_proj,model.language_model.layers.*.mlp.down_proj,247.83477783203125,248.125,263.99596977329975,0,0,3.368725050839798e-05
model.language_model.layers.34,model.language_model.layers.*,4253.603515625,4256.0,15.390977443609023,0,0,3.4018238777585295e-07
model.language_model.layers.35.input_layernorm,model.language_model.layers.*.input_layernorm,50.785606384277344,50.90625,1286.7575199508901,0,0,1.6779266424079236e-05
model.language_model.layers.35.self_attn.q_proj,model.language_model.layers.*.self_attn.q_proj,17.11996078491211,17.03125,3846.1064220183484,0,0,3.6583397863787e-05
model.language_model.layers.35.self_attn.k_proj,model.language_model.layers.*.self_attn.k_proj,16.54990577697754,16.546875,3958.693106704438,0,0,3.2731062175190176e-05
model.language_model.layers.35.self_attn.v_proj,model.language_model.layers.*.self_attn.v_proj,10.340004920959473,10.1640625,6444.667179093005,0,0,3.442277999548091e-05
model.language_model.layers.35.self_attn.o_proj,model.language_model.layers.*.self_attn.o_proj,67.63109588623047,67.875,965.0681399631676,0,0,7.27622545096784e-05
model.language_model.layers.35.post_attention_layernorm,model.language_model.layers.*.post_attention_layernorm,77.54795837402344,77.5625,844.5318291700241,0,0,2.314159648734654e-05
model.language_model.layers.35.mlp.gate_proj,model.language_model.layers.*.mlp.gate_proj,58.66352462768555,58.6875,1116.1490947816826,0,0,1.2409921927410752e-05
model.language_model.layers.35.mlp.act_fn,model.language_model.layers.*.mlp.act_fn,58.66352462768555,58.6875,1116.1490947816826,0,0,9.25672412162316e-05
model.language_model.layers.35.mlp.up_proj,model.language_model.layers.*.mlp.up_proj,72.14366149902344,71.625,914.5410122164049,0,0,3.27635623153171e-05
model.language_model.layers.35.mlp.down_proj,model.language_model.layers.*.mlp.down_proj,3378.719970703125,3382.0,19.36842105263158,0,0,2.1063725686337276e-05
model.language_model.layers.35,model.language_model.layers.*,872.31396484375,870.0,75.2919540229885,0,0,2.206588461248776e-07
model.language_model.norm,model.language_model.norm,206.0375518798828,206.375,317.4027861901878,0,0,1.1400707049785343e-06
lm_head,lm_head,39.72104263305664,39.6875,1650.4944881889764,0,0,1.2695722277295542e-05
