module,kind,absmax_fp32,absmax_fp16,headroom,nan_fp16,inf_fp16,tiny_frac_fp16
model.language_model.embed_tokens,model.language_model.embed_tokens,0.1357421875,0.1357421875,482561.8417266187,0,0,0.004335048714907146
model.visual.patch_embed.proj,model.visual.patch_embed.proj,17.861833572387695,17.859375,3667.7655293088364,0,0,0.000137073540522536
model.visual.rotary_pos_emb,model.visual.rotary_pos_emb,1.0,1.0,65504.0,0,0,0.0
model.visual.blocks.0.norm1,model.visual.blocks.*.norm1,7.933211326599121,7.93359375,8256.535696701132,0,0,0.007116698028710233
model.visual.blocks.0.attn.qkv,model.visual.blocks.*.attn.qkv,7.125331878662109,7.125,9193.543859649122,0,0,0.0003408620326496983
model.visual.blocks.0.attn.proj,model.visual.blocks.*.attn.proj,10.197556495666504,10.1953125,6424.913409961686,0,0,0.0005038255494366002
model.visual.blocks.0.norm2,model.visual.blocks.*.norm2,7.64047384262085,7.64453125,8568.739908022484,0,0,9.505640978901959e-05
model.visual.blocks.0.mlp.gate_proj,model.visual.blocks.*.mlp.gate_proj,12.646950721740723,12.6484375,5178.821494749845,0,0,0.0002073200894001596
model.visual.blocks.0.mlp.act_fn,model.visual.blocks.*.mlp.act_fn,11.486920356750488,11.484375,5703.749659863945,0,0,0.0003924372380245993
model.visual.blocks.0.mlp.up_proj,model.visual.blocks.*.mlp.up_proj,12.21533489227295,12.21875,5360.941176470588,0,0,0.0001549152105694538
model.visual.blocks.0.mlp.down_proj,model.visual.blocks.*.mlp.down_proj,33.96323013305664,33.96875,1928.360625574977,0,0,0.00030836548450549183
model.visual.blocks.0,model.visual.blocks.*,33.7369499206543,33.75,1940.8592592592593,0,0,4.934380889903487e-05
model.visual.blocks.1.norm1,model.visual.blocks.*.norm1,12.496655464172363,12.5,5240.32,0,0,0.0001961526680755045
model.visual.blocks.1.attn.qkv,model.visual.blocks.*.attn.qkv,7.921555519104004,7.921875,8268.749506903354,0,0,0.00016225901324483583
model.visual.blocks.1.attn.proj,model.visual.blocks.*.attn.proj,3.7475383281707764,3.748046875,17476.835852006254,0,0,0.00034301626908125627
model.visual.blocks.1.norm2,model.visual.blocks.*.norm2,19.98490333557129,19.984375,3277.7607505863957,0,0,8.624614871397004e-05
model.visual.blocks.1.mlp.gate_proj,model.visual.blocks.*.mlp.gate_proj,10.065826416015625,10.0625,6509.714285714285,0,0,0.00015462778232912082
model.visual.blocks.1.mlp.act_fn,model.visual.blocks.*.mlp.act_fn,6.099689960479736,6.1015625,10735.610755441741,0,0,0.00030729493586597044
model.visual.blocks.1.mlp.up_proj,model.visual.blocks.*.mlp.up_proj,8.047412872314453,8.046875,8140.30291262136,0,0,0.00017536863978314703
model.visual.blocks.1.mlp.down_proj,model.visual.blocks.*.mlp.down_proj,12.441713333129883,12.4453125,5263.347143753924,0,0,0.00027451440665315376
model.visual.blocks.1,model.visual.blocks.*,31.59088134765625,31.609375,2072.296589223925,0,0,3.5309273246839763e-05
model.visual.blocks.2.norm1,model.visual.blocks.*.norm1,13.03225040435791,13.03125,5026.6858513189445,0,0,0.0014985718570764144
model.visual.blocks.2.attn.qkv,model.visual.blocks.*.attn.qkv,10.513531684875488,10.515625,6229.206537890044,0,0,0.00013568780532718076
model.visual.blocks.2.attn.proj,model.visual.blocks.*.attn.proj,3.030241012573242,3.03125,21609.567010309278,0,0,0.0002769952428874338
model.visual.blocks.2.norm2,model.visual.blocks.*.norm2,11.347421646118164,11.3515625,5770.483138334481,0,0,4.361575082052449e-05
model.visual.blocks.2.mlp.gate_proj,model.visual.blocks.*.mlp.gate_proj,8.104341506958008,8.1015625,8085.353905496625,0,0,0.00015164452661566502
model.visual.blocks.2.mlp.act_fn,model.visual.blocks.*.mlp.act_fn,8.101893424987793,8.1015625,8085.353905496625,0,0,0.00028155407413615224
model.visual.blocks.2.mlp.up_proj,model.visual.blocks.*.mlp.up_proj,9.859657287597656,9.859375,6643.828843106181,0,0,0.00011858048028736362
model.visual.blocks.2.mlp.down_proj,model.visual.blocks.*.mlp.down_proj,10.310853004455566,10.3125,6351.90303030303,0,0,0.00026561766935503527
model.visual.blocks.2,model.visual.blocks.*,33.60736846923828,33.625,1948.0743494423791,0,0,3.0089758828762226e-05
model.visual.blocks.3.norm1,model.visual.blocks.*.norm1,20.44508171081543,20.453125,3202.640183346066,0,0,0.00017742144214286874
model.visual.blocks.3.attn.qkv,model.visual.blocks.*.attn.qkv,12.393867492675781,12.3984375,5283.246376811594,0,0,0.00015218228540441297
model.visual.blocks.3.attn.proj,model.visual.blocks.*.attn.proj,3.415069818496704,3.4140625,19186.526315789473,0,0,0.00032267372930409774
model.visual.blocks.3.norm2,model.visual.blocks.*.norm2,12.420981407165527,12.4296875,5269.9635449402895,0,0,3.9393489727195917e-05
model.visual.blocks.3.mlp.gate_proj,model.visual.blocks.*.mlp.gate_proj,9.23409652709961,9.234375,7093.495769881557,0,0,0.00013153226997236699
model.visual.blocks.3.mlp.act_fn,model.visual.blocks.*.mlp.act_fn,9.233195304870605,9.234375,7093.495769881557,0,0,0.0002838413259288018
model.visual.blocks.3.mlp.up_proj,model.visual.blocks.*.mlp.up_proj,8.582383155822754,8.5859375,7629.219290263876,0,0,0.00012583774642577046
model.visual.blocks.3.mlp.down_proj,model.visual.blocks.*.mlp.down_proj,8.823214530944824,8.828125,7419.922123893805,0,0,0.0003221675657231989
model.visual.blocks.3,model.visual.blocks.*,38.19747543334961,38.1875,1715.3256955810148,0,0,2.687109793893998e-05
model.visual.blocks.4.norm1,model.visual.blocks.*.norm1,26.89760971069336,26.890625,2435.9418942475304,0,0,0.00013299408420124786
model.visual.blocks.4.attn.qkv,model.visual.blocks.*.attn.qkv,14.577079772949219,14.5703125,4495.716890080429,0,0,0.0001357626456058612
model.visual.blocks.4.attn.proj,model.visual.blocks.*.attn.proj,5.128185272216797,5.12890625,12771.533891850724,0,0,0.00025739687464457477
model.visual.blocks.4.norm2,model.visual.blocks.*.norm2,10.58225154876709,10.5859375,6187.831734317343,0,0,4.397672954984889e-05
model.visual.blocks.4.mlp.gate_proj,model.visual.blocks.*.mlp.gate_proj,9.955789566040039,9.953125,6581.249607535322,0,0,0.00010888512191613253
model.visual.blocks.4.mlp.act_fn,model.visual.blocks.*.mlp.act_fn,9.955317497253418,9.953125,6581.249607535322,0,0,0.00021747093839191833
model.visual.blocks.4.mlp.up_proj,model.visual.blocks.*.mlp.up_proj,9.753673553466797,9.7578125,6712.979983987189,0,0,0.0001492405813328803
model.visual.blocks.4.mlp.down_proj,model.visual.blocks.*.mlp.down_proj,6.221876621246338,6.23046875,10513.494670846396,0,0,0.00040287844280091314
model.visual.blocks.4,model.visual.blocks.*,41.54363250732422,41.53125,1577.221971407073,0,0,3.132105330768856e-05
model.visual.blocks.5.norm1,model.visual.blocks.*.norm1,22.72977066040039,22.71875,2883.257221458047,0,0,7.974377142706269e-05
model.visual.blocks.5.attn.qkv,model.visual.blocks.*.attn.qkv,14.162095069885254,14.15625,4627.21412803532,0,0,0.00011518104006217571
model.visual.blocks.5.attn.proj,model.visual.blocks.*.attn.proj,2.261934518814087,2.26171875,28962.044905008635,0,0,0.0003407345661679882
model.visual.blocks.5.norm2,model.visual.blocks.*.norm2,9.755829811096191,9.7578125,6712.979983987189,0,0,5.663875267076658e-05
model.visual.blocks.5.mlp.gate_proj,model.visual.blocks.*.mlp.gate_proj,11.077616691589355,11.078125,5912.913963328632,0,0,0.00014533654568835784
model.visual.blocks.5.mlp.act_fn,model.visual.blocks.*.mlp.act_fn,11.077445030212402,11.078125,5912.913963328632,0,0,0.00029076573353682304
model.visual.blocks.5.mlp.up_proj,model.visual.blocks.*.mlp.up_proj,9.070381164550781,9.0703125,7221.801894918174,0,0,0.00012760151062781358
model.visual.blocks.5.mlp.down_proj,model.visual.blocks.*.mlp.down_proj,7.587855815887451,7.58984375,8630.480699948534,0,0,0.00027474448100810774
model.visual.blocks.5,model.visual.blocks.*,43.24809265136719,43.25,1514.5433526011561,0,0,2.229261827535502e-05
model.visual.blocks.6.norm1,model.visual.blocks.*.norm1,18.473373413085938,18.46875,3546.7478849407785,0,0,5.8048553114743444e-05
model.visual.blocks.6.attn.qkv,model.visual.blocks.*.attn.qkv,9.652694702148438,9.65625,6783.585760517799,0,0,0.00012145149182115815
model.visual.blocks.6.attn.proj,model.visual.blocks.*.attn.proj,2.2546489238739014,2.25390625,29062.433275563257,0,0,0.00039251160971062293
model.visual.blocks.6.norm2,model.visual.blocks.*.norm2,8.529011726379395,8.5234375,7685.162236480293,0,0,5.590092801522438e-05
model.visual.blocks.6.mlp.gate_proj,model.visual.blocks.*.mlp.gate_proj,9.8828763961792,9.890625,6622.8372827804105,0,0,5.9832879719310405e-05
model.visual.blocks.6.mlp.act_fn,model.visual.blocks.*.mlp.act_fn,9.88237190246582,9.890625,6622.8372827804105,0,0,0.00011885929755768662
model.visual.blocks.6.mlp.up_proj,model.visual.blocks.*.mlp.up_proj,7.941558837890625,7.94140625,8248.413182488932,0,0,0.0001204734090395564
model.visual.blocks.6.mlp.down_proj,model.visual.blocks.*.mlp.down_proj,10.387653350830078,10.3828125,6308.887885628292,0,0,0.00035758156246953497
model.visual.blocks.6,model.visual.blocks.*,41.39873504638672,41.40625,1581.9833962264152,0,0,2.5358160715156143e-05
model.visual.blocks.7.norm1,model.visual.blocks.*.norm1,29.054443359375,29.03125,2256.3272335844995,0,0,6.49634775208787e-05
model.visual.blocks.7.attn.qkv,model.visual.blocks.*.attn.qkv,14.72276782989502,14.71875,4450.377919320595,0,0,6.938143404255895e-05
model.visual.blocks.7.attn.proj,model.visual.blocks.*.attn.proj,4.705902099609375,4.70703125,13916.202489626556,0,0,0.0001465359433899035
model.visual.blocks.7.norm2,model.visual.blocks.*.norm2,11.641217231750488,11.6484375,5623.41515761234,0,0,3.197557517954051e-05
model.visual.blocks.7.mlp.gate_proj,model.visual.blocks.*.mlp.gate_proj,8.204753875732422,8.203125,7985.249523809523,0,0,8.871941787277257e-05
model.visual.blocks.7.mlp.act_fn,model.visual.blocks.*.mlp.act_fn,8.114731788635254,8.1171875,8069.790182868142,0,0,0.00017772210696587328
model.visual.blocks.7.mlp.up_proj,model.visual.blocks.*.mlp.up_proj,9.21634578704834,9.21875,7105.518644067796,0,0,0.00011316418015108939
model.visual.blocks.7.mlp.down_proj,model.visual.blocks.*.mlp.down_proj,9.268299102783203,9.265625,7069.5716694772345,0,0,0.0002940675533848666
model.visual.blocks.7,model.visual.blocks.*,48.0213737487793,48.0625,1362.892067620286,0,0,1.774666636540149e-05
model.visual.blocks.8.norm1,model.visual.blocks.*.norm1,24.012449264526367,24.0,2729.3333333333335,0,0,5.505123962158386e-05
model.visual.blocks.8.attn.qkv,model.visual.blocks.*.attn.qkv,12.047432899475098,12.046875,5437.426718547341,0,0,0.0001024489368216456
model.visual.blocks.8.attn.proj,model.visual.blocks.*.attn.proj,4.114782333374023,4.11328125,15924.999050332384,0,0,0.00022387186768839566
model.visual.blocks.8.norm2,model.visual.blocks.*.norm2,12.66152572631836,12.65625,5175.624691358024,0,0,3.993218106172619e-05
model.visual.blocks.8.mlp.gate_proj,model.visual.blocks.*.mlp.gate_proj,7.781510829925537,7.78515625,8413.960863020571,0,0,9.922687979494442e-05
model.visual.blocks.8.mlp.act_fn,model.visual.blocks.*.mlp.act_fn,7.77826452255249,7.78125,8418.184738955822,0,0,0.00019893003531044055
model.visual.blocks.8.mlp.up_proj,model.visual.blocks.*.mlp.up_proj,7.76229190826416,7.76171875,8439.367891293407,0,0,0.00010870874549592822
model.visual.blocks.8.mlp.down_proj,model.visual.blocks.*.mlp.down_proj,11.029555320739746,11.03125,5938.039660056657,0,0,0.00019106564475148668
model.visual.blocks.8,model.visual.blocks.*,52.1239013671875,52.125,1256.6714628297361,0,0,1.0959472894257954e-05
model.visual.blocks.9.norm1,model.visual.blocks.*.norm1,17.949085235595703,17.953125,3648.6127067014795,0,0,3.630097305267605e-05
model.visual.blocks.9.attn.qkv,model.visual.blocks.*.attn.qkv,12.822009086608887,12.8125,5112.507317073171,0,0,9.833404376062891e-05
model.visual.blocks.9.attn.proj,model.visual.blocks.*.attn.proj,4.858457565307617,4.859375,13479.922829581994,0,0,0.0002344354540201638
model.visual.blocks.9.norm2,model.visual.blocks.*.norm2,12.71545124053955,12.7109375,5153.357098955132,0,0,3.837243560710688e-05
model.visual.blocks.9.mlp.gate_proj,model.visual.blocks.*.mlp.gate_proj,8.771636962890625,8.7734375,7466.172751558326,0,0,8.642088274010995e-05
model.visual.blocks.9.mlp.act_fn,model.visual.blocks.*.mlp.act_fn,8.77027702331543,8.7734375,7466.172751558326,0,0,0.00017289254051027872
model.visual.blocks.9.mlp.up_proj,model.visual.blocks.*.mlp.up_proj,8.832476615905762,8.828125,7419.922123893805,0,0,0.00010570589240244971
model.visual.blocks.9.mlp.down_proj,model.visual.blocks.*.mlp.down_proj,12.229957580566406,12.21875,5360.941176470588,0,0,0.00030435029033162186
model.visual.blocks.9,model.visual.blocks.*,60.327056884765625,60.3125,1086.0766839378239,0,0,1.6870003737042213e-05
model.visual.blocks.10.norm1,model.visual.blocks.*.norm1,15.422857284545898,15.4140625,4249.625950329448,0,0,4.676697612354987e-05
model.visual.blocks.10.attn.qkv,model.visual.blocks.*.attn.qkv,14.528584480285645,14.53125,4507.802150537635,0,0,9.436671563072065e-05
model.visual.blocks.10.attn.proj,model.visual.blocks.*.attn.proj,3.327982187271118,3.328125,19681.95305164319,0,0,0.00023260675957820166
model.visual.blocks.10.norm2,model.visual.blocks.*.norm2,12.765111923217773,12.75,5137.568627450981,0,0,3.673097408848666e-05
model.visual.blocks.10.mlp.gate_proj,model.visual.blocks.*.mlp.gate_proj,7.074796199798584,7.0703125,9264.654143646409,0,0,8.020435625290873e-05
model.visual.blocks.10.mlp.act_fn,model.visual.blocks.*.mlp.act_fn,7.068814754486084,7.0625,9274.902654867257,0,0,0.00016020739396558424
model.visual.blocks.10.mlp.up_proj,model.visual.blocks.*.mlp.up_proj,7.806901454925537,7.80859375,8388.706353176589,0,0,9.915739817486393e-05
model.visual.blocks.10.mlp.down_proj,model.visual.blocks.*.mlp.down_proj,6.101189613342285,6.11328125,10715.031309904154,0,0,0.0002946221119162903
model.visual.blocks.10,model.visual.blocks.*,62.10585021972656,62.09375,1054.9209864116758,0,0,1.6255149857423714e-05
model.visual.blocks.11.norm1,model.visual.blocks.*.norm1,16.722848892211914,16.71875,3917.996261682243,0,0,4.4480513051213724e-05
model.visual.blocks.11.attn.qkv,model.visual.blocks.*.attn.qkv,15.125632286071777,15.125,4330.842975206611,0,0,9.218206707178371e-05
model.visual.blocks.11.attn.proj,model.visual.blocks.*.attn.proj,3.379246711730957,3.380859375,19374.955517042174,0,0,0.00022857728492712767
model.visual.blocks.11.norm2,model.visual.blocks.*.norm2,12.804720878601074,12.796875,5118.749694749695,0,0,3.5762281718145774e-05
model.visual.blocks.11.mlp.gate_proj,model.visual.blocks.*.mlp.gate_proj,8.425665855407715,8.4140625,7785.0622098421545,0,0,8.323512076641957e-05
model.visual.blocks.11.mlp.act_fn,model.visual.blocks.*.mlp.act_fn,8.423819541931152,8.4140625,7785.0622098421545,0,0,0.00016619884751252476
model.visual.blocks.11.mlp.up_proj,model.visual.blocks.*.mlp.up_proj,7.35391902923584,7.35546875,8905.48274030802,0,0,8.982073124404834e-05
model.visual.blocks.11.mlp.down_proj,model.visual.blocks.*.mlp.down_proj,5.359052658081055,5.37109375,12195.653818181818,0,0,0.0002533570863155201
model.visual.blocks.11,model.visual.blocks.*,59.33323669433594,59.34375,1103.8062137967352,0,0,1.3753686267182271e-05
model.visual.blocks.12.norm1,model.visual.blocks.*.norm1,16.624765396118164,16.625,3940.09022556391,0,0,3.8193136282211676e-05
model.visual.blocks.12.attn.qkv,model.visual.blocks.*.attn.qkv,15.876609802246094,15.8828125,4124.206591244466,0,0,8.968615700045495e-05
model.visual.blocks.12.attn.proj,model.visual.blocks.*.attn.proj,3.207824945449829,3.208984375,20412.688983566648,0,0,0.0002232665341269132
model.visual.blocks.12.norm2,model.visual.blocks.*.norm2,15.174104690551758,15.171875,4317.462409886714,0,0,3.091009290815e-05
model.visual.blocks.12.mlp.gate_proj,model.visual.blocks.*.mlp.gate_proj,8.928581237792969,8.9296875,7335.531058617673,0,0,8.216706355518233e-05
model.visual.blocks.12.mlp.act_fn,model.visual.blocks.*.mlp.act_fn,8.927397727966309,8.9296875,7335.531058617673,0,0,0.00016433323632036363
model.visual.blocks.12.mlp.up_proj,model.visual.blocks.*.mlp.up_proj,9.879585266113281,9.8828125,6628.072727272727,0,0,8.269975597579939e-05
model.visual.blocks.12.mlp.down_proj,model.visual.blocks.*.mlp.down_proj,18.54427146911621,18.625,3516.993288590604,0,0,0.0002153131016841062
model.visual.blocks.12,model.visual.blocks.*,57.014320373535156,57.03125,1148.563287671233,0,0,1.1719511625450882e-05
model.visual.blocks.13.norm1,model.visual.blocks.*.norm1,14.619157791137695,14.625,4478.9059829059825,0,0,3.1432123685942225e-05
model.visual.blocks.13.attn.qkv,model.visual.blocks.*.attn.qkv,16.69353485107422,16.6875,3925.3333333333335,0,0,8.628290772010637e-05
model.visual.blocks.13.attn.proj,model.visual.blocks.*.attn.proj,4.225327491760254,4.22265625,15512.510638297872,0,0,0.00021329558759911285
model.visual.blocks.13.norm2,model.visual.blocks.*.norm2,17.300779342651367,17.296875,3787.042457091238,0,0,2.8247577269440744e-05
model.visual.blocks.13.mlp.gate_proj,model.visual.blocks.*.mlp.gate_proj,8.887007713317871,8.8984375,7361.292361720808,0,0,8.023018916293865e-05
model.visual.blocks.13.mlp.act_fn,model.visual.blocks.*.mlp.act_fn,8.885780334472656,8.8984375,7361.292361720808,0,0,0.00016022431897560384
model.visual.blocks.13.mlp.up_proj,model.visual.blocks.*.mlp.up_proj,22.41977882385254,22.390625,2925.51011863224,0,0,7.796966107032005e-05
model.visual.blocks.13.mlp.down_proj,model.visual.blocks.*.mlp.down_proj,18.074909210205078,18.140625,3610.900947459087,0,0,0.00018907589826105677
model.visual.blocks.13,model.visual.blocks.*,70.35829162597656,70.5,929.1347517730496,0,0,1.0566759771146784e-05
model.visual.blocks.14.norm1,model.visual.blocks.*.norm1,16.717256546020508,16.71875,3917.996261682243,0,0,2.6295118691710267e-05
model.visual.blocks.14.attn.qkv,model.visual.blocks.*.attn.qkv,14.04865550994873,14.046875,4663.2436040044495,0,0,7.893057758627693e-05
model.visual.blocks.14.attn.proj,model.visual.blocks.*.attn.proj,7.014977931976318,7.01171875,9342.074651810584,0,0,0.0001790081618322068
model.visual.blocks.14.norm2,model.visual.blocks.*.norm2,15.444046974182129,15.4453125,4241.027819929186,0,0,2.3037583169499236e-05
model.visual.blocks.14.mlp.gate_proj,model.visual.blocks.*.mlp.gate_proj,11.476617813110352,11.4765625,5707.632402995235,0,0,7.933524214190195e-05
model.visual.blocks.14.mlp.act_fn,model.visual.blocks.*.mlp.act_fn,11.4764986038208,11.4765625,5707.632402995235,0,0,0.00015842432931351876
model.visual.blocks.14.mlp.up_proj,model.visual.blocks.*.mlp.up_proj,9.213835716247559,9.2109375,7111.545377438507,0,0,6.718070950782214e-05
model.visual.blocks.14.mlp.down_proj,model.visual.blocks.*.mlp.down_proj,39.700958251953125,39.71875,1649.195908733281,0,0,0.00012427664622802456
model.visual.blocks.14,model.visual.blocks.*,96.68336486816406,96.5,678.7979274611399,0,0,6.4746096923439375e-06
model.visual.blocks.15.norm1,model.visual.blocks.*.norm1,17.98479461669922,18.0,3639.1111111111113,0,0,1.1602887728284535e-05
model.visual.blocks.15.attn.qkv,model.visual.blocks.*.attn.qkv,14.459722518920898,14.4609375,4529.720151269584,0,0,4.42874621556776e-05
model.visual.blocks.15.attn.proj,model.visual.blocks.*.attn.proj,6.214899063110352,6.2109375,10546.555974842768,0,0,8.394143836520651e-05
model.visual.blocks.15.norm2,model.visual.blocks.*.norm2,14.200839042663574,14.203125,4611.942794279428,0,0,1.1349012577990447e-05
model.visual.blocks.15.mlp.gate_proj,model.visual.blocks.*.mlp.gate_proj,19.97519874572754,19.96875,3280.3255086071986,0,0,6.928594321026084e-05
model.visual.blocks.15.mlp.act_fn,model.visual.blocks.*.mlp.act_fn,19.97519874572754,19.96875,3280.3255086071986,0,0,0.0001387539045107325
model.visual.blocks.15.mlp.up_proj,model.visual.blocks.*.mlp.up_proj,59.30000686645508,59.3125,1104.3877766069547,0,0,5.8546578957820357e-05
model.visual.blocks.15.mlp.down_proj,model.visual.blocks.*.mlp.down_proj,823.994873046875,823.5,79.54341226472374,0,0,0.00010742568312725441
model.visual.blocks.15,model.visual.blocks.*,896.898193359375,897.0,73.02564102564102,0,0,4.471376084554642e-06
model.visual.blocks.16.norm1,model.visual.blocks.*.norm1,18.408912658691406,18.421875,3555.7726887192534,0,0,1.254539922375134e-05
model.visual.blocks.16.attn.qkv,model.visual.blocks.*.attn.qkv,13.957504272460938,13.953125,4694.575587905935,0,0,6.524036010666818e-05
model.visual.blocks.16.attn.proj,model.visual.blocks.*.attn.proj,11.59050178527832,11.5859375,5653.750505731625,0,0,0.000155552478024567
model.visual.blocks.16.norm2,model.visual.blocks.*.norm2,16.410552978515625,16.40625,3992.6247619047617,0,0,1.660264146938875e-05
model.visual.blocks.16.mlp.gate_proj,model.visual.blocks.*.mlp.gate_proj,13.66238784790039,13.6796875,4788.413478012564,0,0,7.114116185240992e-05
model.visual.blocks.16.mlp.act_fn,model.visual.blocks.*.mlp.act_fn,13.297348022460938,13.2890625,4929.166372721928,0,0,0.0001422380811347686
model.visual.blocks.16.mlp.up_proj,model.visual.blocks.*.mlp.up_proj,39.0330924987793,39.09375,1675.5619504396482,0,0,5.952169707894994e-05
model.visual.blocks.16.mlp.down_proj,model.visual.blocks.*.mlp.down_proj,411.4375305175781,411.25,159.28024316109423,0,0,0.0001147031729824034
model.visual.blocks.16,model.visual.blocks.*,996.6587524414062,996.5,65.73406924234821,0,0,4.948978711045397e-06
model.visual.blocks.17.norm1,model.visual.blocks.*.norm1,18.562477111816406,18.5625,3528.8350168350166,0,0,1.3284017239138206e-05
model.visual.blocks.17.attn.qkv,model.visual.blocks.*.attn.qkv,12.329205513000488,12.328125,5313.378960709759,0,0,6.554368802061331e-05
model.visual.blocks.17.attn.proj,model.visual.blocks.*.attn.proj,24.516536712646484,24.53125,2670.226751592357,0,0,0.00017439398097561173
model.visual.blocks.17.norm2,model.visual.blocks.*.norm2,18.007232666015625,18.015625,3635.9549002601907,0,0,1.6223415463636954e-05
model.visual.blocks.17.mlp.gate_proj,model.visual.blocks.*.mlp.gate_proj,86.98838806152344,86.9375,753.4608195542775,0,0,6.334318618337675e-05
model.visual.blocks.17.mlp.act_fn,model.visual.blocks.*.mlp.act_fn,63.30888748168945,63.3125,1034.6140177690029,0,0,0.00013652069397814557
model.visual.blocks.17.mlp.up_proj,model.visual.blocks.*.mlp.up_proj,227.45932006835938,227.125,288.40506329113924,0,0,5.866594481795863e-05
model.visual.blocks.17.mlp.down_proj,model.visual.blocks.*.mlp.down_proj,13876.8544921875,13848.0,4.730213749277874,0,0,0.00013891730880154682
model.visual.blocks.17,model.visual.blocks.*,13938.4033203125,13912.0,4.708453133985049,0,0,6.0057340241445425e-06
model.visual.blocks.18.norm1,model.visual.blocks.*.norm1,22.959455490112305,23.40625,2798.568758344459,0,0,3.4246171054983265e-05
model.visual.blocks.18.attn.qkv,model.visual.blocks.*.attn.qkv,13.815873146057129,13.8203125,4739.690220463539,0,0,6.445255378091183e-05
model.visual.blocks.18.attn.proj,model.visual.blocks.*.attn.proj,5.743938446044922,5.74609375,11399.74439157036,0,0,0.00020501687761999155
model.visual.blocks.18.norm2,model.visual.blocks.*.norm2,13.318683624267578,13.2421875,4946.614749262537,0,0,4.114681498391447e-05
model.visual.blocks.18.mlp.gate_proj,model.visual.blocks.*.mlp.gate_proj,9.863959312438965,9.8671875,6638.568487727633,0,0,6.364516399372656e-05
model.visual.blocks.18.mlp.act_fn,model.visual.blocks.*.mlp.act_fn,9.863446235656738,9.8671875,6638.568487727633,0,0,0.00012725529024741253
model.visual.blocks.18.mlp.up_proj,model.visual.blocks.*.mlp.up_proj,11.084389686584473,11.0859375,5908.747004933051,0,0,6.278525471273044e-05
model.visual.blocks.18.mlp.down_proj,model.visual.blocks.*.mlp.down_proj,9.346444129943848,9.3203125,7028.090528080469,0,0,0.00015160947959656193
model.visual.blocks.18,model.visual.blocks.*,13938.435546875,13912.0,4.708453133985049,0,0,6.558705835878855e-06
model.visual.blocks.19.norm1,model.visual.blocks.*.norm1,24.87866973876953,23.828125,2749.0203278688523,0,0,3.555600815853183e-05
model.visual.blocks.19.attn.qkv,model.visual.blocks.*.attn.qkv,13.428777694702148,13.4296875,4877.552065154159,0,0,6.611543601533812e-05
model.visual.blocks.19.attn.proj,model.visual.blocks.*.attn.proj,6.496620178222656,6.49609375,10083.598316295851,0,0,0.0002297625645350632
model.visual.blocks.19.norm2,model.visual.blocks.*.norm2,12.066549301147461,12.0625,5430.383419689119,0,0,4.1691059837357425e-05
model.visual.blocks.19.mlp.gate_proj,model.visual.blocks.*.mlp.gate_proj,12.650089263916016,12.640625,5182.022249690976,0,0,5.359645892208614e-05
model.visual.blocks.19.mlp.act_fn,model.visual.blocks.*.mlp.act_fn,12.65004825592041,12.640625,5182.022249690976,0,0,0.0001075038035545324
model.visual.blocks.19.mlp.up_proj,model.visual.blocks.*.mlp.up_proj,10.944426536560059,10.9453125,5984.662384011421,0,0,6.634722699685662e-05
model.visual.blocks.19.mlp.down_proj,model.visual.blocks.*.mlp.down_proj,9.328363418579102,9.3359375,7016.328033472803,0,0,0.0001897772283637442
model.visual.blocks.19,model.visual.blocks.*,13940.14453125,13912.0,4.708453133985049,0,0,7.79396711402853e-06
model.visual.blocks.20.norm1,model.visual.blocks.*.norm1,25.21114730834961,24.1875,2708.175710594315,0,0,3.5899532971273516e-05
model.visual.blocks.20.attn.qkv,model.visual.blocks.*.attn.qkv,13.34781551361084,13.34375,4908.964871194379,0,0,6.901675296729276e-05
model.visual.blocks.20.attn.proj,model.visual.blocks.*.attn.proj,7.33991003036499,7.33203125,8933.949920085242,0,0,0.0002540250953047314
model.visual.blocks.20.norm2,model.visual.blocks.*.norm2,11.737107276916504,11.2578125,5818.537126995142,0,0,4.157284922050174e-05
model.visual.blocks.20.mlp.gate_proj,model.visual.blocks.*.mlp.gate_proj,10.79517936706543,10.796875,6066.940665701882,0,0,5.8958420868297434e-05
model.visual.blocks.20.mlp.act_fn,model.visual.blocks.*.mlp.act_fn,10.794958114624023,10.796875,6066.940665701882,0,0,0.00011798216633667053
model.visual.blocks.20.mlp.up_proj,model.visual.blocks.*.mlp.up_proj,10.534769058227539,10.5390625,6215.353595255745,0,0,6.453001539475158e-05
model.visual.blocks.20.mlp.down_proj,model.visual.blocks.*.mlp.down_proj,13.51603889465332,13.5,4852.148148148148,0,0,0.0001790906712560524
model.visual.blocks.20,model.visual.blocks.*,13942.44140625,13912.0,4.708453133985049,0,0,7.32191800645046e-06
model.visual.blocks.21.norm1,model.visual.blocks.*.norm1,23.28700065612793,23.359375,2804.1846153846154,0,0,3.484357101801904e-05
model.visual.blocks.21.attn.qkv,model.visual.blocks.*.attn.qkv,18.2460880279541,18.25,3589.2602739726026,0,0,6.888769976589327e-05
model.visual.blocks.21.attn.proj,model.visual.blocks.*.attn.proj,6.13534688949585,6.14453125,10660.536554354736,0,0,0.00018619996882413155
model.visual.blocks.21.norm2,model.visual.blocks.*.norm2,12.73202896118164,12.7578125,5134.422535211268,0,0,3.6042337743313946e-05
model.visual.blocks.21.mlp.gate_proj,model.visual.blocks.*.mlp.gate_proj,14.078596115112305,14.078125,4652.892341842397,0,0,7.430940495608002e-05
model.visual.blocks.21.mlp.act_fn,model.visual.blocks.*.mlp.act_fn,14.078585624694824,14.078125,4652.892341842397,0,0,0.00014878568457235333
model.visual.blocks.21.mlp.up_proj,model.visual.blocks.*.mlp.up_proj,12.920126914978027,12.921875,5069.233373639661,0,0,6.654676395708777e-05
model.visual.blocks.21.mlp.down_proj,model.visual.blocks.*.mlp.down_proj,16.106931686401367,16.09375,4070.15145631068,0,0,0.00014204790674861078
model.visual.blocks.21,model.visual.blocks.*,13945.109375,13912.0,4.708453133985049,0,0,5.26473592922367e-06
model.visual.blocks.22.norm1,model.visual.blocks.*.norm1,25.43695068359375,25.4375,2575.095823095823,0,0,3.422316361948786e-05
model.visual.blocks.22.attn.qkv,model.visual.blocks.*.attn.qkv,14.024632453918457,14.0234375,4671.037325905292,0,0,6.809962898685536e-05
model.visual.blocks.22.attn.proj,model.visual.blocks.*.attn.proj,6.309327125549316,6.296875,10402.62034739454,0,0,0.0001972800324147792
model.visual.blocks.22.norm2,model.visual.blocks.*.norm2,14.141225814819336,14.140625,4632.327071823204,0,0,3.589080601298216e-05
model.visual.blocks.22.mlp.gate_proj,model.visual.blocks.*.mlp.gate_proj,15.264745712280273,15.2578125,4293.144905273937,0,0,5.018710865813675e-05
model.visual.blocks.22.mlp.act_fn,model.visual.blocks.*.mlp.act_fn,15.264741897583008,15.2578125,4293.144905273937,0,0,0.00010062660781656586
model.visual.blocks.22.mlp.up_proj,model.visual.blocks.*.mlp.up_proj,11.796929359436035,11.796875,5552.656953642384,0,0,7.06628076218558e-05
model.visual.blocks.22.mlp.down_proj,model.visual.blocks.*.mlp.down_proj,13.174209594726562,13.1640625,4975.971513353115,0,0,0.00016432862462629577
model.visual.blocks.22,model.visual.blocks.*,13945.271484375,13912.0,4.708453133985049,0,0,5.88514332775485e-06
model.visual.blocks.23.norm1,model.visual.blocks.*.norm1,28.61370849609375,28.578125,2292.1027884089667,0,0,3.027461167257011e-05
model.visual.blocks.23.attn.qkv,model.visual.blocks.*.attn.qkv,16.22014617919922,16.21875,4038.782273603083,0,0,4.5536475004468206e-05
model.visual.blocks.23.attn.proj,model.visual.blocks.*.attn.proj,14.171913146972656,14.1796875,4619.565840220385,0,0,8.159071314545218e-05
model.visual.blocks.23.norm2,model.visual.blocks.*.norm2,12.767413139343262,12.7734375,5128.141896024465,0,0,2.844671059045267e-05
model.visual.blocks.23.mlp.gate_proj,model.visual.blocks.*.mlp.gate_proj,15.725359916687012,15.734375,4163.114200595829,0,0,4.6043153573336386e-05
model.visual.blocks.23.mlp.act_fn,model.visual.blocks.*.mlp.act_fn,15.725358009338379,15.734375,4163.114200595829,0,0,9.21540071867512e-05
model.visual.blocks.23.mlp.up_proj,model.visual.blocks.*.mlp.up_proj,16.421953201293945,16.421875,3988.825880114177,0,0,6.145678989119155e-05
model.visual.blocks.23.mlp.down_proj,model.visual.blocks.*.mlp.down_proj,23.30748748779297,23.34375,2806.061579651941,0,0,0.00011349488593897247
model.visual.blocks.23,model.visual.blocks.*,13947.34765625,13912.0,4.708453133985049,0,0,3.1758194582101195e-06
model.visual.blocks.24.norm1,model.visual.blocks.*.norm1,23.960647583007812,23.953125,2734.6744944553166,0,0,2.99239466212264e-05
model.visual.blocks.24.attn.qkv,model.visual.blocks.*.attn.qkv,13.935257911682129,13.9375,4699.838565022422,0,0,5.675405430152515e-05
model.visual.blocks.24.attn.proj,model.visual.blocks.*.attn.proj,16.005020141601562,16.015625,4090.0058536585366,0,0,0.0001487129228036753
model.visual.blocks.24.norm2,model.visual.blocks.*.norm2,14.716947555541992,14.7109375,4452.74137015401,0,0,3.0384095331134435e-05
model.visual.blocks.24.mlp.gate_proj,model.visual.blocks.*.mlp.gate_proj,16.01504135131836,16.015625,4090.0058536585366,0,0,4.3514794620407536e-05
model.visual.blocks.24.mlp.act_fn,model.visual.blocks.*.mlp.act_fn,16.015039443969727,16.015625,4090.0058536585366,0,0,8.684846194060525e-05
model.visual.blocks.24.mlp.up_proj,model.visual.blocks.*.mlp.up_proj,14.99299144744873,14.9921875,4369.2089630015635,0,0,6.175282910153447e-05
model.visual.blocks.24.mlp.down_proj,model.visual.blocks.*.mlp.down_proj,21.149085998535156,21.140625,3098.489283074649,0,0,0.0001205795893518669
model.visual.blocks.24,model.visual.blocks.*,13952.3974609375,13920.0,4.705747126436782,0,0,3.163919060540084e-06
model.visual.blocks.25.norm1,model.visual.blocks.*.norm1,27.29659080505371,27.28125,2401.0630011454755,0,0,3.2791149099860264e-05
model.visual.blocks.25.attn.qkv,model.visual.blocks.*.attn.qkv,11.000448226928711,11.0,5954.909090909091,0,0,6.051457996525634e-05
model.visual.blocks.25.attn.proj,model.visual.blocks.*.attn.proj,19.827404022216797,19.828125,3303.5902285263987,0,0,0.0001702145613138953
model.visual.blocks.25.norm2,model.visual.blocks.*.norm2,18.22638511657715,18.25,3589.2602739726026,0,0,3.0729206863565465e-05
model.visual.blocks.25.mlp.gate_proj,model.visual.blocks.*.mlp.gate_proj,15.615564346313477,15.6171875,4194.353176588294,0,0,3.884794580500146e-05
model.visual.blocks.25.mlp.act_fn,model.visual.blocks.*.mlp.act_fn,15.615562438964844,15.6171875,4194.353176588294,0,0,7.762789463992415e-05
model.visual.blocks.25.mlp.up_proj,model.visual.blocks.*.mlp.up_proj,15.155094146728516,15.15625,4321.913402061856,0,0,6.003894913954912e-05
model.visual.blocks.25.mlp.down_proj,model.visual.blocks.*.mlp.down_proj,22.063169479370117,22.109375,2962.7250883392226,0,0,0.00012062243078347902
model.visual.blocks.25,model.visual.blocks.*,13956.939453125,13928.0,4.703044227455486,0,0,2.979859576576869e-06
model.visual.blocks.26.norm1,model.visual.blocks.*.norm1,27.704797744750977,27.703125,2364.498589960519,0,0,3.143291704578689e-05
model.visual.blocks.26.attn.qkv,model.visual.blocks.*.attn.qkv,13.786908149719238,13.7890625,4750.431728045326,0,0,6.003089491328979e-05
model.visual.blocks.26.attn.proj,model.visual.blocks.*.attn.proj,28.09900665283203,28.109375,2330.325736520289,0,0,0.00016891107108910408
model.visual.blocks.26.norm2,model.visual.blocks.*.norm2,20.677173614501953,20.671875,3168.7498110355255,0,0,2.903300351566308e-05
model.visual.blocks.26.mlp.gate_proj,model.visual.blocks.*.mlp.gate_proj,14.489471435546875,14.484375,4522.390507011866,0,0,3.737576686329609e-05
model.visual.blocks.26.mlp.act_fn,model.visual.blocks.*.mlp.act_fn,14.48946475982666,14.484375,4522.390507011866,0,0,7.47800390066252e-05
model.visual.blocks.26.mlp.up_proj,model.visual.blocks.*.mlp.up_proj,16.24046516418457,16.234375,4034.895091434071,0,0,5.957603526901288e-05
model.visual.blocks.26.mlp.down_proj,model.visual.blocks.*.mlp.down_proj,27.23121452331543,27.25,2403.816513761468,0,0,0.00010973991379415397
model.visual.blocks.26,model.visual.blocks.*,13970.4111328125,13944.0,4.697647733792312,0,0,2.464175677542001e-06
model.visual.blocks.27.norm1,model.visual.blocks.*.norm1,30.66178321838379,30.65625,2136.7257900101936,0,0,3.633826096537549e-05
model.visual.blocks.27.attn.qkv,model.visual.blocks.*.attn.qkv,11.862927436828613,11.8671875,5519.757735352206,0,0,6.091866457947443e-05
model.visual.blocks.27.attn.proj,model.visual.blocks.*.attn.proj,30.272390365600586,30.25,2165.4214876033056,0,0,0.00013063939218227016
model.visual.blocks.27.norm2,model.visual.blocks.*.norm2,25.67702293395996,25.671875,2551.586122945831,0,0,2.457828798784649e-05
model.visual.blocks.27.mlp.gate_proj,model.visual.blocks.*.mlp.gate_proj,13.817610740661621,13.8203125,4739.690220463539,0,0,4.173855935834995e-05
model.visual.blocks.27.mlp.act_fn,model.visual.blocks.*.mlp.act_fn,13.817597389221191,13.8203125,4739.690220463539,0,0,8.331143177650797e-05
model.visual.blocks.27.mlp.up_proj,model.visual.blocks.*.mlp.up_proj,18.761655807495117,18.765625,3490.637801831807,0,0,5.7046191666082306e-05
model.visual.blocks.27.mlp.down_proj,model.visual.blocks.*.mlp.down_proj,31.678049087524414,31.640625,2070.2498765432097,0,0,0.00010353663316868684
model.visual.blocks.27,model.visual.blocks.*,13982.70703125,13960.0,4.6922636103151865,0,0,2.1960200500438694e-06
model.visual.blocks.28.norm1,model.visual.blocks.*.norm1,26.970935821533203,26.9375,2431.7030162412993,0,0,3.766396526581744e-05
model.visual.blocks.28.attn.qkv,model.visual.blocks.*.attn.qkv,13.932579040527344,13.953125,4694.575587905935,0,0,5.664033939045592e-05
model.visual.blocks.28.attn.proj,model.visual.blocks.*.attn.proj,34.07492446899414,34.0625,1923.0532110091742,0,0,0.000106952047299987
model.visual.blocks.28.norm2,model.visual.blocks.*.norm2,30.29538345336914,30.28125,2163.186790505676,0,0,2.172933278564001e-05
model.visual.blocks.28.mlp.gate_proj,model.visual.blocks.*.mlp.gate_proj,20.99444007873535,21.0,3119.2380952380954,0,0,4.093239440741608e-05
model.visual.blocks.28.mlp.act_fn,model.visual.blocks.*.mlp.act_fn,20.99444007873535,21.0,3119.2380952380954,0,0,8.181074755476957e-05
model.visual.blocks.28.mlp.up_proj,model.visual.blocks.*.mlp.up_proj,18.4343318939209,18.4375,3552.759322033898,0,0,5.3730374352241265e-05
model.visual.blocks.28.mlp.down_proj,model.visual.blocks.*.mlp.down_proj,44.931785583496094,44.96875,1456.6560111188326,0,0,8.227220925202288e-05
model.visual.blocks.28,model.visual.blocks.*,13997.921875,13976.0,4.68689181453921,0,0,1.6612955147369448e-06
model.visual.blocks.29.norm1,model.visual.blocks.*.norm1,27.755535125732422,27.75,2360.5045045045044,0,0,3.971321374459754e-05
model.visual.blocks.29.attn.qkv,model.visual.blocks.*.attn.qkv,13.926168441772461,13.921875,4705.113355780022,0,0,5.545532423580195e-05
model.visual.blocks.29.attn.proj,model.visual.blocks.*.attn.proj,44.97258377075195,44.96875,1456.6560111188326,0,0,9.003602869195398e-05
model.visual.blocks.29.norm2,model.visual.blocks.*.norm2,30.123788833618164,30.125,2174.4066390041494,0,0,1.9063643707552075e-05
model.visual.blocks.29.mlp.gate_proj,model.visual.blocks.*.mlp.gate_proj,19.264739990234375,19.28125,3397.290113452188,0,0,2.5728093739803424e-05
model.visual.blocks.29.mlp.act_fn,model.visual.blocks.*.mlp.act_fn,19.264739990234375,19.28125,3397.290113452188,0,0,5.1390862879531174e-05
model.visual.blocks.29.mlp.up_proj,model.visual.blocks.*.mlp.up_proj,19.111156463623047,19.109375,3427.846279640229,0,0,4.883964031657584e-05
model.visual.blocks.29.mlp.down_proj,model.visual.blocks.*.mlp.down_proj,54.38959503173828,54.375,1204.671264367816,0,0,6.736180433131316e-05
model.visual.blocks.29,model.visual.blocks.*,14011.9306640625,13992.0,4.681532304173814,0,0,1.2376413576836837e-06
model.visual.blocks.30.norm1,model.visual.blocks.*.norm1,30.870635986328125,30.84375,2123.7365754812563,0,0,3.5943961122574985e-05
model.visual.blocks.30.attn.qkv,model.visual.blocks.*.attn.qkv,18.4344425201416,18.328125,3573.9607843137255,0,0,4.9848121306962814e-05
model.visual.blocks.30.attn.proj,model.visual.blocks.*.attn.proj,93.34117889404297,93.375,701.5153949129852,0,0,4.386010565268255e-05
model.visual.blocks.30.norm2,model.visual.blocks.*.norm2,30.17751121520996,30.171875,2171.0284826514758,0,0,1.5949706317226138e-05
model.visual.blocks.30.mlp.gate_proj,model.visual.blocks.*.mlp.gate_proj,18.32366180419922,18.328125,3573.9607843137255,0,0,2.5095929769071124e-05
model.visual.blocks.30.mlp.act_fn,model.visual.blocks.*.mlp.act_fn,18.32366180419922,18.328125,3573.9607843137255,0,0,5.041752633840366e-05
model.visual.blocks.30.mlp.up_proj,model.visual.blocks.*.mlp.up_proj,23.436138153076172,23.421875,2796.7018012008007,0,0,4.371492544063937e-05
model.visual.blocks.30.mlp.down_proj,model.visual.blocks.*.mlp.down_proj,159.34085083007812,159.5,410.6833855799373,0,0,4.1826724370795825e-05
model.visual.blocks.30,model.visual.blocks.*,14029.876953125,14016.0,4.67351598173516,0,0,5.482116526662984e-07
model.visual.blocks.31.norm1,model.visual.blocks.*.norm1,33.84012985229492,33.84375,1935.482917820868,0,0,1.7318252049280213e-05
model.visual.blocks.31.attn.qkv,model.visual.blocks.*.attn.qkv,30.801149368286133,30.796875,2126.969051243024,0,0,2.9911781770274807e-05
model.visual.blocks.31.attn.proj,model.visual.blocks.*.attn.proj,287.6055908203125,287.75,227.64205039096439,0,0,1.5349132914811686e-05
model.visual.blocks.31.norm2,model.visual.blocks.*.norm2,31.259281158447266,31.25,2096.128,0,0,1.4848522852825528e-05
model.visual.blocks.31.mlp.gate_proj,model.visual.blocks.*.mlp.gate_proj,68.3625259399414,68.25,959.7655677655678,0,0,3.3239235028504327e-05
model.visual.blocks.31.mlp.act_fn,model.visual.blocks.*.mlp.act_fn,68.3625259399414,68.25,959.7655677655678,0,0,6.775111203848288e-05
model.visual.blocks.31.mlp.up_proj,model.visual.blocks.*.mlp.up_proj,72.79044342041016,72.75,900.3986254295532,0,0,3.498607422052787e-05
model.visual.blocks.31.mlp.down_proj,model.visual.blocks.*.mlp.down_proj,66861.4140625,62208.0,1.0529835390946503,0,3,1.86582368269262e-05
model.visual.blocks.31,model.visual.blocks.*,66995.609375,62336.0,1.0508213552361396,0,3,1.388379728170799e-07
model.visual.merger.ln_q,model.visual.merger.ln_q,9.427379608154297,9.421875,6952.331674958541,3,0,0.0006592391894883502
model.visual.merger.mlp.0,model.visual.merger.mlp.*,16.221282958984375,16.234375,4034.895091434071,15360,0,0.00012039790994743769
model.visual.merger.mlp.1,model.visual.merger.mlp.*,13.350295066833496,13.3671875,4900.357685563998,15360,0,0.0008168179085562019
model.visual.merger.mlp.2,model.visual.merger.mlp.*,50.347084045410156,51.8125,1264.2509047044632,6144,0,0.00010363461310950346
model.language_model.rotary_emb,model.language_model.rotary_emb,1.0,1.0,65504.0,0,0,0.0
model.language_model.layers.0.input_layernorm,model.language_model.layers.*.input_layernorm,16.351261138916016,16.34375,4007.89292543021,6144,0,0.000201854658077937
model.language_model.layers.0.self_attn.q_proj,model.language_model.layers.*.self_attn.q_proj,30.492671966552734,30.484375,2148.7729369554077,6144,0,5.099215518054208e-05
model.language_model.layers.0.self_attn.k_proj,model.language_model.layers.*.self_attn.k_proj,95.83045196533203,95.8125,683.6686236138291,768,0,2.9557111091031236e-05
model.language_model.layers.0.self_attn.v_proj,model.language_model.layers.*.self_attn.v_proj,3.4741945266723633,3.474609375,18852.19111860596,768,0,0.0001442405436887864
model.language_model.layers.0.self_attn.o_proj,model.language_model.layers.*.self_attn.o_proj,5.122200012207031,5.12109375,12791.017543859649,1087488,0,0.0005622488412875827
model.language_model.layers.0.post_attention_layernorm,model.language_model.layers.*.post_attention_layernorm,3.6089258193969727,3.607421875,18158.120194910665,1087488,0,0.012721972983511368
model.language_model.layers.0.mlp.gate_proj,model.language_model.layers.*.mlp.gate_proj,7.004526615142822,7.00390625,9352.495259341886,5845248,0,9.007427712224298e-05
model.language_model.layers.0.mlp.act_fn,model.language_model.layers.*.mlp.act_fn,5.949562072753906,5.94921875,11010.52133946159,5845248,0,0.00017984448195766957
model.language_model.layers.0.mlp.up_proj,model.language_model.layers.*.mlp.up_proj,5.24939489364624,5.25390625,12467.675836431226,5845248,0,0.00012385520923964959
model.language_model.layers.0.mlp.down_proj,model.language_model.layers.*.mlp.down_proj,7.936686038970947,7.9453125,8244.357915437562,1087488,0,0.00016440567555463012
model.language_model.layers.0,model.language_model.layers.*,55.01042938232422,55.09375,1188.9551900170165,1087488,0,1.390956727161653e-05
model.language_model.layers.1.input_layernorm,model.language_model.layers.*.input_layernorm,24.5628662109375,24.515625,2671.9286169534735,1087488,0,0.009082951264958415
model.language_model.layers.1.self_attn.q_proj,model.language_model.layers.*.self_attn.q_proj,11.98489761352539,11.96875,5472.91906005222,1087488,0,6.0880973176016247e-05
model.language_model.layers.1.self_attn.k_proj,model.language_model.layers.*.self_attn.k_proj,39.785091400146484,39.78125,1646.6048703849176,135936,0,2.4983892448701377e-05
model.language_model.layers.1.self_attn.v_proj,model.language_model.layers.*.self_attn.v_proj,2.4711661338806152,2.47265625,26491.349131121642,135936,0,0.00024248801264246342
model.language_model.layers.1.self_attn.o_proj,model.language_model.layers.*.self_attn.o_proj,5.974242687225342,5.9765625,10960.146405228757,1087488,0,0.00045091091762951844
model.language_model.layers.1.post_attention_layernorm,model.language_model.layers.*.post_attention_layernorm,464.0174865722656,464.0,141.17241379310346,1087488,0,9.110181482503663e-05
model.language_model.layers.1.mlp.gate_proj,model.language_model.layers.*.mlp.gate_proj,42.18825149536133,42.21875,1551.5381199111769,5845248,0,2.141354132509689e-09
model.language_model.layers.1.mlp.act_fn,model.language_model.layers.*.mlp.act_fn,5.235685348510742,5.234375,12514.197014925374,5845248,0,0.7919198915478937
model.language_model.layers.1.mlp.up_proj,model.language_model.layers.*.mlp.up_proj,388.2286376953125,388.25,168.71603348358016,5845248,0,1.4989478927567823e-06
model.language_model.layers.1.mlp.down_proj,model.language_model.layers.*.mlp.down_proj,33.158042907714844,33.1875,1973.7551789077213,1087488,0,0.000515427062503192
model.language_model.layers.1,model.language_model.layers.*,70.11238861083984,70.0625,934.9366636931311,1087488,0,3.0326347951590914e-05
model.language_model.layers.2.input_layernorm,model.language_model.layers.*.input_layernorm,17.73417854309082,17.765625,3687.1204925241864,1087488,0,0.010037340176750911
model.language_model.layers.2.self_attn.q_proj,model.language_model.layers.*.self_attn.q_proj,9.490163803100586,9.484375,6906.517298187809,1087488,0,6.05471896006113e-05
model.language_model.layers.2.self_attn.k_proj,model.language_model.layers.*.self_attn.k_proj,19.718061447143555,19.71875,3321.9144215530905,135936,0,2.6411104978019084e-05
model.language_model.layers.2.self_attn.v_proj,model.language_model.layers.*.self_attn.v_proj,2.219726800918579,2.21875,29522.929577464787,135936,0,0.00020200428519794608
model.language_model.layers.2.self_attn.o_proj,model.language_model.layers.*.self_attn.o_proj,3.351461172103882,3.353515625,19532.9341875364,1087488,0,0.000480546678873375
model.language_model.layers.2.post_attention_layernorm,model.language_model.layers.*.post_attention_layernorm,190.55136108398438,190.625,343.62754098360654,1087488,0,0.00029858667286741916
model.language_model.layers.2.mlp.gate_proj,model.language_model.layers.*.mlp.gate_proj,44.120601654052734,44.125,1484.5099150141643,5845248,0,6.780954752947348e-09
model.language_model.layers.2.mlp.act_fn,model.language_model.layers.*.mlp.act_fn,44.120601654052734,44.125,1484.5099150141643,5845248,0,0.3090565201829308
model.language_model.layers.2.mlp.up_proj,model.language_model.layers.*.mlp.up_proj,131.68878173828125,131.75,497.1840607210626,5845248,0,1.122890417852539e-05
model.language_model.layers.2.mlp.down_proj,model.language_model.layers.*.mlp.down_proj,2506.962158203125,2510.0,26.097211155378485,1087488,0,0.0004324530695689069
model.language_model.layers.2,model.language_model.layers.*,2547.02685546875,2550.0,25.6878431372549,1087488,0,2.445636093584873e-05
model.language_model.layers.3.input_layernorm,model.language_model.layers.*.input_layernorm,18.46330451965332,18.46875,3546.7478849407785,1087488,0,0.002304625961051155
model.language_model.layers.3.self_attn.q_proj,model.language_model.layers.*.self_attn.q_proj,14.461584091186523,14.4765625,4524.831084727469,1087488,0,4.8080181229595465e-05
model.language_model.layers.3.self_attn.k_proj,model.language_model.layers.*.self_attn.k_proj,12.247855186462402,12.25,5347.265306122449,135936,0,3.640159268324304e-05
model.language_model.layers.3.self_attn.v_proj,model.language_model.layers.*.self_attn.v_proj,5.523438930511475,5.5234375,11859.281471004244,135936,0,0.00011060129783648085
model.language_model.layers.3.self_attn.o_proj,model.language_model.layers.*.self_attn.o_proj,3.2095940113067627,3.212890625,20387.871124620062,1087488,0,0.000627010528101784
model.language_model.layers.3.post_attention_layernorm,model.language_model.layers.*.post_attention_layernorm,138.4197998046875,138.5,472.9530685920578,1087488,0,0.0001889176670863797
model.language_model.layers.3.mlp.gate_proj,model.language_model.layers.*.mlp.gate_proj,22.507417678833008,22.515625,2909.268563497571,5845248,0,6.459751633070895e-08
model.language_model.layers.3.mlp.act_fn,model.language_model.layers.*.mlp.act_fn,17.03639030456543,17.03125,3846.1064220183484,5845248,0,0.03651320862604598
model.language_model.layers.3.mlp.up_proj,model.language_model.layers.*.mlp.up_proj,72.81013488769531,72.75,900.3986254295532,5845248,0,5.411665852914028e-05
model.language_model.layers.3.mlp.down_proj,model.language_model.layers.*.mlp.down_proj,229.57342529296875,229.625,285.26510615133367,1087488,0,0.00028650907866770907
model.language_model.layers.3,model.language_model.layers.*,2776.352294921875,2780.0,23.562589928057555,1087488,0,1.688484500410546e-05
model.language_model.layers.4.input_layernorm,model.language_model.layers.*.input_layernorm,17.450838088989258,17.453125,3753.1387645478962,1087488,0,0.002201870495533101
model.language_model.layers.4.self_attn.q_proj,model.language_model.layers.*.self_attn.q_proj,16.910966873168945,16.90625,3874.543438077634,1087488,0,4.870938245219789e-05
model.language_model.layers.4.self_attn.k_proj,model.language_model.layers.*.self_attn.k_proj,10.992132186889648,10.9921875,5959.141435678749,135936,0,3.245757526351561e-05
model.language_model.layers.4.self_attn.v_proj,model.language_model.layers.*.self_attn.v_proj,4.601536750793457,4.6015625,14235.16468590832,135936,0,0.0001051379896597378
model.language_model.layers.4.self_attn.o_proj,model.language_model.layers.*.self_attn.o_proj,4.865591049194336,4.8671875,13458.285714285714,1087488,0,0.00038858738555290153
model.language_model.layers.4.post_attention_layernorm,model.language_model.layers.*.post_attention_layernorm,109.73160552978516,109.75,596.8473804100228,1087488,0,0.0007300134538567763
model.language_model.layers.4.mlp.gate_proj,model.language_model.layers.*.mlp.gate_proj,16.495738983154297,16.5,3969.939393939394,5845248,0,1.8808227130543434e-07
model.language_model.layers.4.mlp.act_fn,model.language_model.layers.*.mlp.act_fn,12.395512580871582,12.375,5293.252525252526,5845248,0,0.0022232402283215704
model.language_model.layers.4.mlp.up_proj,model.language_model.layers.*.mlp.up_proj,37.868717193603516,37.875,1729.4785478547856,5845248,0,6.366317214422389e-05
model.language_model.layers.4.mlp.down_proj,model.language_model.layers.*.mlp.down_proj,68.41976928710938,68.5,956.2627737226277,1087488,0,0.00022365417848541874
model.language_model.layers.4,model.language_model.layers.*,2844.24365234375,2848.0,23.0,1087488,0,1.2610880601793831e-05
model.language_model.layers.5.input_layernorm,model.language_model.layers.*.input_layernorm,24.217235565185547,24.21875,2704.6812903225805,1087488,0,0.000830946537784976
model.language_model.layers.5.self_attn.q_proj,model.language_model.layers.*.self_attn.q_proj,26.16596031188965,26.171875,2502.8394029850747,1087488,0,4.045878959118249e-05
model.language_model.layers.5.self_attn.k_proj,model.language_model.layers.*.self_attn.k_proj,18.26082420349121,18.265625,3586.189905902481,135936,0,3.548081040626387e-05
model.language_model.layers.5.self_attn.v_proj,model.language_model.layers.*.self_attn.v_proj,6.438960075378418,6.44140625,10169.208004851425,135936,0,9.972072059684371e-05
model.language_model.layers.5.self_attn.o_proj,model.language_model.layers.*.self_attn.o_proj,3.885267734527588,3.88671875,16853.290452261306,1087488,0,0.00035486948954777065
model.language_model.layers.5.post_attention_layernorm,model.language_model.layers.*.post_attention_layernorm,147.0229034423828,146.875,445.98468085106384,1087488,0,0.0005531311784490785
model.language_model.layers.5.mlp.gate_proj,model.language_model.layers.*.mlp.gate_proj,20.160816192626953,20.171875,3247.2935708752907,5845248,0,5.970809106147849e-07
model.language_model.layers.5.mlp.act_fn,model.language_model.layers.*.mlp.act_fn,13.732718467712402,13.734375,4769.346985210466,5845248,0,0.013868857631311033
model.language_model.layers.5.mlp.up_proj,model.language_model.layers.*.mlp.up_proj,28.545801162719727,28.5625,2293.3566739606126,5845248,0,6.706471318371553e-05
model.language_model.layers.5.mlp.down_proj,model.language_model.layers.*.mlp.down_proj,24.68086814880371,24.671875,2655.0069664344524,1087488,0,0.0002067041114033606
model.language_model.layers.5,model.language_model.layers.*,2861.941650390625,2866.0,22.855547801814375,1087488,0,9.599155237507808e-06
model.language_model.layers.6.input_layernorm,model.language_model.layers.*.input_layernorm,23.006183624267578,22.96875,2851.8748299319727,1087488,0,0.001008009133055249
model.language_model.layers.6.self_attn.q_proj,model.language_model.layers.*.self_attn.q_proj,25.36785888671875,25.375,2581.43842364532,1087488,0,4.659158321514581e-05
model.language_model.layers.6.self_attn.k_proj,model.language_model.layers.*.self_attn.k_proj,12.547516822814941,12.5546875,5217.493466085874,135936,0,3.130659741729165e-05
model.language_model.layers.6.self_attn.v_proj,model.language_model.layers.*.self_attn.v_proj,5.681429386138916,5.6796875,11533.028885832187,135936,0,8.145853877009025e-05
model.language_model.layers.6.self_attn.o_proj,model.language_model.layers.*.self_attn.o_proj,4.143056869506836,4.1015625,15970.499047619047,1087488,0,0.0002614177616200268
model.language_model.layers.6.post_attention_layernorm,model.language_model.layers.*.post_attention_layernorm,147.05079650878906,146.875,445.98468085106384,1087488,0,0.00039308962722804755
model.language_model.layers.6.mlp.gate_proj,model.language_model.layers.*.mlp.gate_proj,19.45236587524414,19.4375,3369.9807073954985,5845248,0,6.356252849999594e-07
model.language_model.layers.6.mlp.act_fn,model.language_model.layers.*.mlp.act_fn,13.36640739440918,13.328125,4914.719812426729,5845248,0,0.013166115526843467
model.language_model.layers.6.mlp.up_proj,model.language_model.layers.*.mlp.up_proj,34.35165786743164,34.34375,1907.304822565969,5845248,0,3.716534232383816e-05
model.language_model.layers.6.mlp.down_proj,model.language_model.layers.*.mlp.down_proj,21.15964698791504,21.15625,3096.2008862629245,1087488,0,0.000203920663311909
model.language_model.layers.6,model.language_model.layers.*,2866.50341796875,2870.0,22.823693379790942,1087488,0,9.042849278499563e-06
model.language_model.layers.7.input_layernorm,model.language_model.layers.*.input_layernorm,22.623109817504883,22.625,2895.204419889503,1087488,0,0.0015776184776694338
model.language_model.layers.7.self_attn.q_proj,model.language_model.layers.*.self_attn.q_proj,22.39574432373047,22.40625,2923.4700139470015,1087488,0,4.636522423872177e-05
model.language_model.layers.7.self_attn.k_proj,model.language_model.layers.*.self_attn.k_proj,13.480435371398926,13.4609375,4866.228670922809,135936,0,3.363924585230554e-05
model.language_model.layers.7.self_attn.v_proj,model.language_model.layers.*.self_attn.v_proj,5.54905366897583,5.55078125,11800.861365235749,135936,0,8.798074656535933e-05
model.language_model.layers.7.self_attn.o_proj,model.language_model.layers.*.self_attn.o_proj,6.661082744598389,6.67578125,9812.184903452311,1087488,0,0.00032674726417169863
model.language_model.layers.7.post_attention_layernorm,model.language_model.layers.*.post_attention_layernorm,113.37065124511719,113.1875,578.7211485367201,1087488,0,0.00024859970500591265
model.language_model.layers.7.mlp.gate_proj,model.language_model.layers.*.mlp.gate_proj,17.858802795410156,17.875,3664.5594405594406,5845248,0,4.289846112127744e-07
model.language_model.layers.7.mlp.act_fn,model.language_model.layers.*.mlp.act_fn,11.642877578735352,11.640625,5627.189261744967,5845248,0,0.021851568874811253
model.language_model.layers.7.mlp.up_proj,model.language_model.layers.*.mlp.up_proj,21.47028923034668,21.484375,3048.9134545454544,5845248,0,3.642122176279104e-05
model.language_model.layers.7.mlp.down_proj,model.language_model.layers.*.mlp.down_proj,26.26563835144043,26.265625,2493.906008328376,1087488,0,0.00016404695412589032
model.language_model.layers.7,model.language_model.layers.*,2872.55224609375,2876.0,22.776077885952713,1087488,0,6.925050041447479e-06
model.language_model.layers.8.input_layernorm,model.language_model.layers.*.input_layernorm,23.383195877075195,23.3125,2809.823056300268,1087488,0,0.0013789213354829712
model.language_model.layers.8.self_attn.q_proj,model.language_model.layers.*.self_attn.q_proj,22.682769775390625,22.265625,2941.934035087719,1087488,0,4.5523092114567904e-05
model.language_model.layers.8.self_attn.k_proj,model.language_model.layers.*.self_attn.k_proj,14.88827133178711,14.9140625,4392.096385542169,135936,0,4.1373816978930537e-05
model.language_model.layers.8.self_attn.v_proj,model.language_model.layers.*.self_attn.v_proj,6.141403675079346,5.859375,11179.349333333334,135936,0,8.320802509635066e-05
model.language_model.layers.8.self_attn.o_proj,model.language_model.layers.*.self_attn.o_proj,6.975941181182861,6.96875,9399.677130044844,1087488,0,0.00028172676571664855
model.language_model.layers.8.post_attention_layernorm,model.language_model.layers.*.post_attention_layernorm,96.78260040283203,96.6875,677.4815772462831,1087488,0,0.00012804436709600494
model.language_model.layers.8.mlp.gate_proj,model.language_model.layers.*.mlp.gate_proj,19.22881317138672,19.234375,3405.5694557270513,5845248,0,8.911602114794489e-07
model.language_model.layers.8.mlp.act_fn,model.language_model.layers.*.mlp.act_fn,12.607183456420898,12.6171875,5191.648297213622,5845248,0,0.003560997688753686
model.language_model.layers.8.mlp.up_proj,model.language_model.layers.*.mlp.up_proj,30.89291000366211,31.046875,2109.8419728233516,5845248,0,4.6309995146720786e-05
model.language_model.layers.8.mlp.down_proj,model.language_model.layers.*.mlp.down_proj,12.513588905334473,12.4609375,5256.747335423198,1087488,0,0.00016752098892507632
model.language_model.layers.8,model.language_model.layers.*,2877.303466796875,2882.0,22.728660652324773,1087488,0,6.662243433226342e-06
model.language_model.layers.9.input_layernorm,model.language_model.layers.*.input_layernorm,23.443920135498047,23.4375,2794.8373333333334,1087488,0,0.0005362501700377938
model.language_model.layers.9.self_attn.q_proj,model.language_model.layers.*.self_attn.q_proj,23.09270668029785,23.09375,2836.4384303112315,1087488,0,4.6954141236706356e-05
model.language_model.layers.9.self_attn.k_proj,model.language_model.layers.*.self_attn.k_proj,13.749402046203613,13.7421875,4766.6355884025015,135936,0,3.927136411316144e-05
model.language_model.layers.9.self_attn.v_proj,model.language_model.layers.*.self_attn.v_proj,5.730324745178223,5.7265625,11438.62482946794,135936,0,9.264604343538712e-05
model.language_model.layers.9.self_attn.o_proj,model.language_model.layers.*.self_attn.o_proj,4.83170223236084,4.83203125,13556.20371867421,1087488,0,0.0003326210877802616
model.language_model.layers.9.post_attention_layernorm,model.language_model.layers.*.post_attention_layernorm,80.35533142089844,80.4375,814.3465423465424,1087488,0,0.0006847128841258118
model.language_model.layers.9.mlp.gate_proj,model.language_model.layers.*.mlp.gate_proj,18.51006507873535,18.515625,3537.768776371308,5845248,0,2.2812559358336553e-06
model.language_model.layers.9.mlp.act_fn,model.language_model.layers.*.mlp.act_fn,13.845725059509277,13.890625,4715.69853768279,5845248,0,0.00143933045235358
model.language_model.layers.9.mlp.up_proj,model.language_model.layers.*.mlp.up_proj,21.829936981201172,21.765625,3009.516152189519,5845248,0,5.0767580665895124e-05
model.language_model.layers.9.mlp.down_proj,model.language_model.layers.*.mlp.down_proj,36.10625457763672,36.21875,1808.5660051768766,1087488,0,0.00014454363452162536
model.language_model.layers.9,model.language_model.layers.*,2885.734619140625,2890.0,22.665743944636677,1087488,0,5.806683234199867e-06
model.language_model.layers.10.input_layernorm,model.language_model.layers.*.input_layernorm,27.532920837402344,27.53125,2379.259931895573,1087488,0,0.00017475872128141462
model.language_model.layers.10.self_attn.q_proj,model.language_model.layers.*.self_attn.q_proj,19.08169937133789,19.078125,3433.4610974610973,1087488,0,4.648032202334416e-05
model.language_model.layers.10.self_attn.k_proj,model.language_model.layers.*.self_attn.k_proj,13.879712104797363,13.890625,4715.69853768279,135936,0,3.924067137059547e-05
model.language_model.layers.10.self_attn.v_proj,model.language_model.layers.*.self_attn.v_proj,6.707451820373535,6.72265625,9743.767576990122,135936,0,8.023082906745135e-05
model.language_model.layers.10.self_attn.o_proj,model.language_model.layers.*.self_attn.o_proj,8.883709907531738,8.8984375,7361.292361720808,1087488,0,0.0002397275841079363
model.language_model.layers.10.post_attention_layernorm,model.language_model.layers.*.post_attention_layernorm,63.529605865478516,63.53125,1031.0516478111165,1087488,0,0.00018258345233932718
model.language_model.layers.10.mlp.gate_proj,model.language_model.layers.*.mlp.gate_proj,13.727060317993164,13.5859375,4821.4560092006905,5845248,0,6.429058890504923e-06
model.language_model.layers.10.mlp.act_fn,model.language_model.layers.*.mlp.act_fn,11.907886505126953,11.90625,5501.648293963254,5845248,0,1.2671106186770666e-05
model.language_model.layers.10.mlp.up_proj,model.language_model.layers.*.mlp.up_proj,17.05678939819336,17.03125,3846.1064220183484,5845248,0,6.361891749215202e-05
model.language_model.layers.10.mlp.down_proj,model.language_model.layers.*.mlp.down_proj,28.28666877746582,28.28125,2316.163535911602,1087488,0,0.00011977842786370655
model.language_model.layers.10,model.language_model.layers.*,2894.88427734375,2900.0,22.587586206896553,1087488,0,4.396735372575519e-06
model.language_model.layers.11.input_layernorm,model.language_model.layers.*.input_layernorm,30.620010375976562,30.625,2138.9061224489797,1087488,0,0.000307723518670027
model.language_model.layers.11.self_attn.q_proj,model.language_model.layers.*.self_attn.q_proj,27.190200805664062,27.1875,2409.342528735632,1087488,0,4.835449761627884e-05
model.language_model.layers.11.self_attn.k_proj,model.language_model.layers.*.self_attn.k_proj,14.520841598510742,14.5546875,4500.543209876543,135936,0,4.091342584044095e-05
model.language_model.layers.11.self_attn.v_proj,model.language_model.layers.*.self_attn.v_proj,6.932934761047363,6.9140625,9474.024858757062,135936,0,9.46410717021753e-05
model.language_model.layers.11.self_attn.o_proj,model.language_model.layers.*.self_attn.o_proj,13.229846954345703,13.2421875,4946.614749262537,1087488,0,0.00023054086259865876
model.language_model.layers.11.post_attention_layernorm,model.language_model.layers.*.post_attention_layernorm,28.549285888671875,28.5625,2293.3566739606126,1087488,0,6.213362073198999e-05
model.language_model.layers.11.mlp.gate_proj,model.language_model.layers.*.mlp.gate_proj,12.789705276489258,12.765625,5131.28029375765,5845248,0,2.566234481635153e-05
model.language_model.layers.11.mlp.act_fn,model.language_model.layers.*.mlp.act_fn,12.78966999053955,12.765625,5131.28029375765,5845248,0,5.1429972877551454e-05
model.language_model.layers.11.mlp.up_proj,model.language_model.layers.*.mlp.up_proj,11.624273300170898,11.625,5634.752688172043,5845248,0,8.20491956183075e-05
model.language_model.layers.11.mlp.down_proj,model.language_model.layers.*.mlp.down_proj,23.76593780517578,23.765625,2756.249835634451,1087488,0,9.402338025803512e-05
model.language_model.layers.11,model.language_model.layers.*,2895.954345703125,2902.0,22.572019297036526,1087488,0,3.652436365350693e-06
model.language_model.layers.12.input_layernorm,model.language_model.layers.*.input_layernorm,30.00625228881836,30.0,2183.4666666666667,1087488,0,0.0005278748879101042
model.language_model.layers.12.self_attn.q_proj,model.language_model.layers.*.self_attn.q_proj,21.91307830810547,21.890625,2992.3311920057104,1087488,0,4.715556235979555e-05
model.language_model.layers.12.self_attn.k_proj,model.language_model.layers.*.self_attn.k_proj,15.761489868164062,15.765625,4154.862239841427,135936,0,3.792088344025866e-05
model.language_model.layers.12.self_attn.v_proj,model.language_model.layers.*.self_attn.v_proj,6.836836814880371,6.87109375,9533.271176805003,135936,0,8.386791906151906e-05
model.language_model.layers.12.self_attn.o_proj,model.language_model.layers.*.self_attn.o_proj,23.10336685180664,23.0625,2840.2818428184282,1087488,0,0.00020386311441959778
model.language_model.layers.12.post_attention_layernorm,model.language_model.layers.*.post_attention_layernorm,28.557910919189453,28.578125,2292.1027884089667,1087488,0,9.942530294964622e-05
model.language_model.layers.12.mlp.gate_proj,model.language_model.layers.*.mlp.gate_proj,14.404314994812012,14.40625,4546.915401301519,5845248,0,1.777466686925209e-05
model.language_model.layers.12.mlp.act_fn,model.language_model.layers.*.mlp.act_fn,12.517379760742188,13.0,5038.7692307692305,5845248,0,3.572849370092416e-05
model.language_model.layers.12.mlp.up_proj,model.language_model.layers.*.mlp.up_proj,15.24626636505127,15.234375,4299.749743589744,5845248,0,7.835785798621621e-05
model.language_model.layers.12.mlp.down_proj,model.language_model.layers.*.mlp.down_proj,28.978710174560547,28.96875,2261.195253505933,1087488,0,9.586302651558308e-05
model.language_model.layers.12,model.language_model.layers.*,2895.0908203125,2902.0,22.572019297036526,1087488,0,3.6351716976573336e-06
model.language_model.layers.13.input_layernorm,model.language_model.layers.*.input_layernorm,30.27470588684082,30.28125,2163.186790505676,1087488,0,0.00044126380498175135
model.language_model.layers.13.self_attn.q_proj,model.language_model.layers.*.self_attn.q_proj,21.901588439941406,21.90625,2990.1968616262484,1087488,0,5.445851679408656e-05
model.language_model.layers.13.self_attn.k_proj,model.language_model.layers.*.self_attn.k_proj,13.071012496948242,13.0625,5014.660287081339,135936,0,4.341488435956769e-05
model.language_model.layers.13.self_attn.v_proj,model.language_model.layers.*.self_attn.v_proj,6.934814453125,6.9375,9442.018018018018,135936,0,8.822628850588711e-05
model.language_model.layers.13.self_attn.o_proj,model.language_model.layers.*.self_attn.o_proj,11.746969223022461,11.7578125,5571.1043189368775,1087488,0,0.00025632468465048577
model.language_model.layers.13.post_attention_layernorm,model.language_model.layers.*.post_attention_layernorm,18.1062068939209,18.109375,3617.1320103537532,1087488,0,6.952098020833743e-05
model.language_model.layers.13.mlp.gate_proj,model.language_model.layers.*.mlp.gate_proj,11.850708961486816,11.6328125,5630.968435191404,5845248,0,4.6661534116807795e-05
model.language_model.layers.13.mlp.act_fn,model.language_model.layers.*.mlp.act_fn,11.850624084472656,11.6328125,5630.968435191404,5845248,0,9.296082249286604e-05
model.language_model.layers.13.mlp.up_proj,model.language_model.layers.*.mlp.up_proj,10.309686660766602,10.2109375,6415.081866870696,5845248,0,9.374455810536458e-05
model.language_model.layers.13.mlp.down_proj,model.language_model.layers.*.mlp.down_proj,22.228239059448242,22.21875,2948.14064697609,1087488,0,0.00010275738381446458
model.language_model.layers.13,model.language_model.layers.*,2894.41015625,2902.0,22.572019297036526,1087488,0,4.0878896505054235e-06
model.language_model.layers.14.input_layernorm,model.language_model.layers.*.input_layernorm,28.098201751708984,28.09375,2331.6218020022247,1087488,0,0.00018904043805664358
model.language_model.layers.14.self_attn.q_proj,model.language_model.layers.*.self_attn.q_proj,25.164304733276367,25.171875,2602.2693978895095,1087488,0,4.405751365704273e-05
model.language_model.layers.14.self_attn.k_proj,model.language_model.layers.*.self_attn.k_proj,15.028254508972168,15.015625,4362.389177939646,135936,0,3.7245643103807275e-05
model.language_model.layers.14.self_attn.v_proj,model.language_model.layers.*.self_attn.v_proj,6.488753795623779,6.484375,10101.821686746987,135936,0,9.302970271746177e-05
model.language_model.layers.14.self_attn.o_proj,model.language_model.layers.*.self_attn.o_proj,18.42992401123047,18.421875,3555.7726887192534,1087488,0,0.00017279246746078203
model.language_model.layers.14.post_attention_layernorm,model.language_model.layers.*.post_attention_layernorm,19.446975708007812,19.453125,3367.2738955823293,1087488,0,5.5128002241306836e-05
model.language_model.layers.14.mlp.gate_proj,model.language_model.layers.*.mlp.gate_proj,11.700455665588379,11.6953125,5600.876419505678,5845248,0,4.002333630602776e-05
model.language_model.layers.14.mlp.act_fn,model.language_model.layers.*.mlp.act_fn,11.700358390808105,11.6953125,5600.876419505678,5845248,0,8.022476189740924e-05
model.language_model.layers.14.mlp.up_proj,model.language_model.layers.*.mlp.up_proj,7.917242050170898,7.9140625,8276.912142152023,5845248,0,9.429381544035332e-05
model.language_model.layers.14.mlp.down_proj,model.language_model.layers.*.mlp.down_proj,19.582265853881836,19.390625,3378.1273166800966,1087488,0,0.00010064342117023324
model.language_model.layers.14,model.language_model.layers.*,2894.040771484375,2902.0,22.572019297036526,1087488,0,3.942099123317056e-06
model.language_model.layers.15.input_layernorm,model.language_model.layers.*.input_layernorm,27.89260482788086,27.9375,2344.662192393736,1087488,0,0.0005283084228988485
model.language_model.layers.15.self_attn.q_proj,model.language_model.layers.*.self_attn.q_proj,23.864471435546875,23.875,2743.6230366492146,1087488,0,4.727257844082832e-05
model.language_model.layers.15.self_attn.k_proj,model.language_model.layers.*.self_attn.k_proj,12.522153854370117,12.5234375,5230.512788521522,135936,0,3.922532499931248e-05
model.language_model.layers.15.self_attn.v_proj,model.language_model.layers.*.self_attn.v_proj,7.795947074890137,7.79296875,8405.52581453634,135936,0,7.903381210737844e-05
model.language_model.layers.15.self_attn.o_proj,model.language_model.layers.*.self_attn.o_proj,16.372312545776367,16.375,4000.2442748091603,1087488,0,0.0001936462677379498
model.language_model.layers.15.post_attention_layernorm,model.language_model.layers.*.post_attention_layernorm,14.983367919921875,15.0,4366.933333333333,1087488,0,6.187273242017923e-05
model.language_model.layers.15.mlp.gate_proj,model.language_model.layers.*.mlp.gate_proj,12.421664237976074,12.4140625,5276.596601636249,5845248,0,5.42322916522958e-05
model.language_model.layers.15.mlp.act_fn,model.language_model.layers.*.mlp.act_fn,12.421613693237305,12.4140625,5276.596601636249,5845248,0,0.00010772974194478537
model.language_model.layers.15.mlp.up_proj,model.language_model.layers.*.mlp.up_proj,8.771267890930176,8.7734375,7466.172751558326,5845248,0,9.445441700029154e-05
model.language_model.layers.15.mlp.down_proj,model.language_model.layers.*.mlp.down_proj,23.074312210083008,23.0625,2840.2818428184282,1087488,0,0.00010818616265582091
model.language_model.layers.15,model.language_model.layers.*,2893.409423828125,2902.0,22.572019297036526,1087488,0,4.1838044710240865e-06
model.language_model.layers.16.input_layernorm,model.language_model.layers.*.input_layernorm,30.951663970947266,30.96875,2115.164480322906,1087488,0,0.00014056125117369047
model.language_model.layers.16.self_attn.q_proj,model.language_model.layers.*.self_attn.q_proj,18.634462356567383,18.640625,3514.0452640402345,1087488,0,4.192628634511804e-05
model.language_model.layers.16.self_attn.k_proj,model.language_model.layers.*.self_attn.k_proj,13.817296981811523,13.8203125,4739.690220463539,135936,0,3.756791690074998e-05
model.language_model.layers.16.self_attn.v_proj,model.language_model.layers.*.self_attn.v_proj,6.574994087219238,6.5703125,9969.69322235434,135936,0,9.889201654756246e-05
model.language_model.layers.16.self_attn.o_proj,model.language_model.layers.*.self_attn.o_proj,20.709949493408203,20.703125,3163.9667924528303,1087488,0,0.00022250320063919477
model.language_model.layers.16.post_attention_layernorm,model.language_model.layers.*.post_attention_layernorm,18.282978057861328,18.296875,3580.0649017933392,1087488,0,0.0001177296872974279
model.language_model.layers.16.mlp.gate_proj,model.language_model.layers.*.mlp.gate_proj,11.20268440246582,11.2265625,5834.733472512178,5845248,0,4.885463764085313e-05
model.language_model.layers.16.mlp.act_fn,model.language_model.layers.*.mlp.act_fn,11.202531814575195,11.2265625,5834.733472512178,5845248,0,9.75711579401594e-05
model.language_model.layers.16.mlp.up_proj,model.language_model.layers.*.mlp.up_proj,7.730060577392578,7.73046875,8473.483577564426,5845248,0,9.615215393501631e-05
model.language_model.layers.16.mlp.down_proj,model.language_model.layers.*.mlp.down_proj,33.46308135986328,33.40625,1960.8306828811974,1087488,0,0.00010964023133488385
model.language_model.layers.16,model.language_model.layers.*,2911.913818359375,2920.0,22.432876712328767,1087488,0,4.306575441287976e-06
model.language_model.layers.17.input_layernorm,model.language_model.layers.*.input_layernorm,34.303409576416016,34.3125,1909.0418943533698,1087488,0,0.0010091639474942935
model.language_model.layers.17.self_attn.q_proj,model.language_model.layers.*.self_attn.q_proj,22.73602867126465,22.734375,2881.2756013745707,1087488,0,4.418987610935849e-05
model.language_model.layers.17.self_attn.k_proj,model.language_model.layers.*.self_attn.k_proj,14.71989631652832,14.71875,4450.377919320595,135936,0,4.703662798235241e-05
model.language_model.layers.17.self_attn.v_proj,model.language_model.layers.*.self_attn.v_proj,7.2031755447387695,7.19921875,9098.765056972328,135936,0,8.055310286439406e-05
model.language_model.layers.17.self_attn.o_proj,model.language_model.layers.*.self_attn.o_proj,31.582956314086914,31.6875,2067.1873767258385,1087488,0,0.00017263516715513143
model.language_model.layers.17.post_attention_layernorm,model.language_model.layers.*.post_attention_layernorm,16.797882080078125,16.8125,3896.1486988847582,1087488,0,6.560190064194485e-05
model.language_model.layers.17.mlp.gate_proj,model.language_model.layers.*.mlp.gate_proj,12.587462425231934,12.5859375,5204.538795779019,5845248,0,5.937225535502989e-05
model.language_model.layers.17.mlp.act_fn,model.language_model.layers.*.mlp.act_fn,9.717418670654297,9.734375,6729.142857142857,5845248,0,0.0001182041756839565
model.language_model.layers.17.mlp.up_proj,model.language_model.layers.*.mlp.up_proj,9.801155090332031,9.8125,6675.5668789808915,5845248,0,9.445013429202652e-05
model.language_model.layers.17.mlp.down_proj,model.language_model.layers.*.mlp.down_proj,22.94207000732422,23.046875,2842.207457627119,1087488,0,0.00011020229218312321
model.language_model.layers.17,model.language_model.layers.*,2918.3994140625,2926.0,22.386876281613123,1087488,0,4.1262555787128885e-06
model.language_model.layers.18.input_layernorm,model.language_model.layers.*.input_layernorm,25.909740447998047,25.890625,2530.0277610138805,1087488,0,0.00022372707374901293
model.language_model.layers.18.self_attn.q_proj,model.language_model.layers.*.self_attn.q_proj,22.92544174194336,22.921875,2857.7068847989094,1087488,0,4.390980483344399e-05
model.language_model.layers.18.self_attn.k_proj,model.language_model.layers.*.self_attn.k_proj,34.765201568603516,34.78125,1883.3135669362084,135936,0,3.561892774781075e-05
model.language_model.layers.18.self_attn.v_proj,model.language_model.layers.*.self_attn.v_proj,7.746965408325195,7.75390625,8447.871032745592,135936,0,8.241001378963537e-05
model.language_model.layers.18.self_attn.o_proj,model.language_model.layers.*.self_attn.o_proj,23.53860092163086,23.5625,2780.0106100795756,1087488,0,0.00016435004495872932
model.language_model.layers.18.post_attention_layernorm,model.language_model.layers.*.post_attention_layernorm,17.02062225341797,17.03125,3846.1064220183484,1087488,0,6.41919527803205e-05
model.language_model.layers.18.mlp.gate_proj,model.language_model.layers.*.mlp.gate_proj,10.588275909423828,10.59375,6183.2684365781715,5845248,0,5.6246948998632e-05
model.language_model.layers.18.mlp.act_fn,model.language_model.layers.*.mlp.act_fn,10.58800983428955,10.59375,6183.2684365781715,5845248,0,0.00011265485644955765
model.language_model.layers.18.mlp.up_proj,model.language_model.layers.*.mlp.up_proj,8.27310848236084,8.2734375,7917.386213408876,5845248,0,9.427525703787157e-05
model.language_model.layers.18.mlp.down_proj,model.language_model.layers.*.mlp.down_proj,40.33784484863281,40.03125,1636.3216237314598,1087488,0,0.00010914531086100755
model.language_model.layers.18,model.language_model.layers.*,2918.52001953125,2926.0,22.386876281613123,1087488,0,3.8903051202369776e-06
model.language_model.layers.19.input_layernorm,model.language_model.layers.*.input_layernorm,33.591888427734375,33.59375,1949.8865116279069,1087488,0,0.0005281626323716601
model.language_model.layers.19.self_attn.q_proj,model.language_model.layers.*.self_attn.q_proj,33.745418548583984,33.6875,1944.4601113172541,1087488,0,4.4306892190391254e-05
model.language_model.layers.19.self_attn.k_proj,model.language_model.layers.*.self_attn.k_proj,24.216035842895508,24.203125,2706.427372498386,135936,0,3.50050728964913e-05
model.language_model.layers.19.self_attn.v_proj,model.language_model.layers.*.self_attn.v_proj,7.624480247497559,7.6328125,8581.89559877175,135936,0,7.083884984226385e-05
model.language_model.layers.19.self_attn.o_proj,model.language_model.layers.*.self_attn.o_proj,40.28721237182617,40.09375,1633.7708495713173,1087488,0,0.00017818479867034127
model.language_model.layers.19.post_attention_layernorm,model.language_model.layers.*.post_attention_layernorm,16.517337799072266,16.53125,3962.4347826086955,1087488,0,6.879010927598522e-05
model.language_model.layers.19.mlp.gate_proj,model.language_model.layers.*.mlp.gate_proj,13.982522010803223,13.9765625,4686.703186137507,5845248,0,6.730989823188789e-05
model.language_model.layers.19.mlp.act_fn,model.language_model.layers.*.mlp.act_fn,9.432023048400879,9.4375,6940.82119205298,5845248,0,0.0001349756181421278
model.language_model.layers.19.mlp.up_proj,model.language_model.layers.*.mlp.up_proj,7.9492268562316895,7.953125,8236.259332023576,5845248,0,9.564322543618984e-05
model.language_model.layers.19.mlp.down_proj,model.language_model.layers.*.mlp.down_proj,31.530128479003906,31.609375,2072.296589223925,1087488,0,0.00011544307797626296
model.language_model.layers.19,model.language_model.layers.*,2921.713623046875,2928.0,22.371584699453553,1087488,0,3.965118680241534e-06
model.language_model.layers.20.input_layernorm,model.language_model.layers.*.input_layernorm,40.958621978759766,40.9375,1600.097709923664,1087488,0,0.0005229889869528834
model.language_model.layers.20.self_attn.q_proj,model.language_model.layers.*.self_attn.q_proj,23.00861167907715,23.03125,2844.135685210312,1087488,0,4.374483134215189e-05
model.language_model.layers.20.self_attn.k_proj,model.language_model.layers.*.self_attn.k_proj,26.3602294921875,26.359375,2485.036158861885,135936,0,5.0995991773362826e-05
model.language_model.layers.20.self_attn.v_proj,model.language_model.layers.*.self_attn.v_proj,10.928643226623535,10.9453125,5984.662384011421,135936,0,7.378535312859719e-05
model.language_model.layers.20.self_attn.o_proj,model.language_model.layers.*.self_attn.o_proj,25.264144897460938,25.390625,2579.849846153846,1087488,0,0.00020164748206561668
model.language_model.layers.20.post_attention_layernorm,model.language_model.layers.*.post_attention_layernorm,17.581085205078125,17.59375,3723.1403197158083,1087488,0,7.069497761148586e-05
model.language_model.layers.20.mlp.gate_proj,model.language_model.layers.*.mlp.gate_proj,9.738349914550781,9.9140625,6607.1804570527975,5845248,0,5.883013586714952e-05
model.language_model.layers.20.mlp.act_fn,model.language_model.layers.*.mlp.act_fn,9.737774848937988,9.9140625,6607.1804570527975,5845248,0,0.00011783193695725523
model.language_model.layers.20.mlp.up_proj,model.language_model.layers.*.mlp.up_proj,9.695100784301758,9.7578125,6712.979983987189,5845248,0,9.418032367133031e-05
model.language_model.layers.20.mlp.down_proj,model.language_model.layers.*.mlp.down_proj,33.23503494262695,33.1875,1973.7551789077213,1087488,0,0.00010196320910057006
model.language_model.layers.20,model.language_model.layers.*,2921.592041015625,2928.0,22.371584699453553,1087488,0,4.0687066864016906e-06
model.language_model.layers.21.input_layernorm,model.language_model.layers.*.input_layernorm,37.747413635253906,37.75,1735.205298013245,1087488,0,0.00018312441192705245
model.language_model.layers.21.self_attn.q_proj,model.language_model.layers.*.self_attn.q_proj,22.683408737182617,22.671875,2889.2184700206753,1087488,0,4.631343023564169e-05
model.language_model.layers.21.self_attn.k_proj,model.language_model.layers.*.self_attn.k_proj,21.202495574951172,21.203125,3089.35593220339,135936,0,5.5691981385956576e-05
model.language_model.layers.21.self_attn.v_proj,model.language_model.layers.*.self_attn.v_proj,6.935554504394531,6.93359375,9447.337464788732,135936,0,7.226606237158156e-05
model.language_model.layers.21.self_attn.o_proj,model.language_model.layers.*.self_attn.o_proj,35.7313346862793,35.71875,1833.8827646544182,1087488,0,0.00018906921250279917
model.language_model.layers.21.post_attention_layernorm,model.language_model.layers.*.post_attention_layernorm,18.319744110107422,18.328125,3573.9607843137255,1087488,0,0.00014656551893815878
model.language_model.layers.21.mlp.gate_proj,model.language_model.layers.*.mlp.gate_proj,11.551795959472656,11.4921875,5699.87219578518,5845248,0,5.545464796960342e-05
model.language_model.layers.21.mlp.act_fn,model.language_model.layers.*.mlp.act_fn,11.551684379577637,11.4921875,5699.87219578518,5845248,0,0.00011064234045735396
model.language_model.layers.21.mlp.up_proj,model.language_model.layers.*.mlp.up_proj,8.308921813964844,8.3203125,7872.781220657277,5845248,0,9.393442483844711e-05
model.language_model.layers.21.mlp.down_proj,model.language_model.layers.*.mlp.down_proj,35.958251953125,36.0,1819.5555555555557,1087488,0,0.00011027518744671739
model.language_model.layers.21,model.language_model.layers.*,2921.03564453125,2928.0,22.371584699453553,1087488,0,3.73300481458637e-06
model.language_model.layers.22.input_layernorm,model.language_model.layers.*.input_layernorm,43.06007385253906,43.0625,1521.1378809869375,1087488,0,0.00046950112814244575
model.language_model.layers.22.self_attn.q_proj,model.language_model.layers.*.self_attn.q_proj,23.54671859741211,23.5625,2780.0106100795756,1087488,0,4.648607691257528e-05
model.language_model.layers.22.self_attn.k_proj,model.language_model.layers.*.self_attn.k_proj,16.5872802734375,16.59375,3947.5103578154426,135936,0,5.69810765737274e-05
model.language_model.layers.22.self_attn.v_proj,model.language_model.layers.*.self_attn.v_proj,8.07133960723877,8.0390625,8148.213799805637,135936,0,7.048588330275517e-05
model.language_model.layers.22.self_attn.o_proj,model.language_model.layers.*.self_attn.o_proj,31.921855926513672,31.90625,2053.014691478942,1087488,0,0.00020923242607223254
model.language_model.layers.22.post_attention_layernorm,model.language_model.layers.*.post_attention_layernorm,17.8416690826416,17.859375,3667.7655293088364,1087488,0,7.315231531317402e-05
model.language_model.layers.22.mlp.gate_proj,model.language_model.layers.*.mlp.gate_proj,9.922297477722168,9.9296875,6596.783634933124,5845248,0,5.518376667184094e-05
model.language_model.layers.22.mlp.act_fn,model.language_model.layers.*.mlp.act_fn,9.921810150146484,9.9296875,6596.783634933124,5845248,0,0.00011025761049821304
model.language_model.layers.22.mlp.up_proj,model.language_model.layers.*.mlp.up_proj,7.946839809417725,7.953125,8236.259332023576,5845248,0,9.346332692929498e-05
model.language_model.layers.22.mlp.down_proj,model.language_model.layers.*.mlp.down_proj,28.735973358154297,28.65625,2285.8538713195203,1087488,0,0.00010863120742302751
model.language_model.layers.22,model.language_model.layers.*,2919.969482421875,2926.0,22.386876281613123,1087488,0,3.698475479199651e-06
model.language_model.layers.23.input_layernorm,model.language_model.layers.*.input_layernorm,32.378543853759766,32.375,2023.2895752895754,1087488,0,0.00012997417328484043
model.language_model.layers.23.self_attn.q_proj,model.language_model.layers.*.self_attn.q_proj,18.93306541442871,18.75,3493.5466666666666,1087488,0,4.604486873818943e-05
model.language_model.layers.23.self_attn.k_proj,model.language_model.layers.*.self_attn.k_proj,16.814573287963867,16.8125,3896.1486988847582,135936,0,5.042817603589234e-05
model.language_model.layers.23.self_attn.v_proj,model.language_model.layers.*.self_attn.v_proj,6.687311172485352,6.6875,9794.990654205607,135936,0,6.847550866468399e-05
model.language_model.layers.23.self_attn.o_proj,model.language_model.layers.*.self_attn.o_proj,19.176759719848633,19.203125,3411.111472742067,1087488,0,0.000226533541397389
model.language_model.layers.23.post_attention_layernorm,model.language_model.layers.*.post_attention_layernorm,16.500852584838867,16.5,3969.939393939394,1087488,0,7.214137310490731e-05
model.language_model.layers.23.mlp.gate_proj,model.language_model.layers.*.mlp.gate_proj,13.366903305053711,13.1953125,4964.187092954411,5845248,0,6.212746433885903e-05
model.language_model.layers.23.mlp.act_fn,model.language_model.layers.*.mlp.act_fn,13.36688232421875,13.1953125,4964.187092954411,5845248,0,0.00012435878435314478
model.language_model.layers.23.mlp.up_proj,model.language_model.layers.*.mlp.up_proj,9.270913124084473,9.2578125,7075.537552742616,5845248,0,8.99008274375097e-05
model.language_model.layers.23.mlp.down_proj,model.language_model.layers.*.mlp.down_proj,32.116092681884766,32.03125,2045.0029268292683,1087488,0,9.937926383579727e-05
model.language_model.layers.23,model.language_model.layers.*,2919.8525390625,2926.0,22.386876281613123,1087488,0,3.040499810441622e-06
model.language_model.layers.24.input_layernorm,model.language_model.layers.*.input_layernorm,29.797088623046875,29.84375,2194.8984293193716,1087488,0,0.0005188895875239158
model.language_model.layers.24.self_attn.q_proj,model.language_model.layers.*.self_attn.q_proj,29.59839630126953,29.59375,2213.440337909187,1087488,0,4.2895026032356536e-05
model.language_model.layers.24.self_attn.k_proj,model.language_model.layers.*.self_attn.k_proj,14.712835311889648,14.71875,4450.377919320595,135936,0,3.752187778690102e-05
model.language_model.layers.24.self_attn.v_proj,model.language_model.layers.*.self_attn.v_proj,7.323699951171875,6.890625,9506.249433106575,135936,0,7.980113067152775e-05
model.language_model.layers.24.self_attn.o_proj,model.language_model.layers.*.self_attn.o_proj,31.859256744384766,31.921875,2052.009789525208,1087488,0,0.00021026446954101335
model.language_model.layers.24.post_attention_layernorm,model.language_model.layers.*.post_attention_layernorm,16.511301040649414,16.515625,3966.1835383159887,1087488,0,7.332304369369724e-05
model.language_model.layers.24.mlp.gate_proj,model.language_model.layers.*.mlp.gate_proj,12.763877868652344,12.7578125,5134.422535211268,5845248,0,5.981765701459191e-05
model.language_model.layers.24.mlp.act_fn,model.language_model.layers.*.mlp.act_fn,12.76384162902832,12.7578125,5134.422535211268,5845248,0,0.00011950718967358865
model.language_model.layers.24.mlp.up_proj,model.language_model.layers.*.mlp.up_proj,9.5802583694458,9.59375,6827.778501628664,5845248,0,8.734904709626898e-05
model.language_model.layers.24.mlp.down_proj,model.language_model.layers.*.mlp.down_proj,27.969757080078125,27.984375,2340.7347850362926,1087488,0,9.86368831249828e-05
model.language_model.layers.24,model.language_model.layers.*,2919.579345703125,2926.0,22.386876281613123,1087488,0,2.7834480914516045e-06
model.language_model.layers.25.input_layernorm,model.language_model.layers.*.input_layernorm,35.55602264404297,35.65625,1837.0972830850133,1087488,0,0.0005150223019606033
model.language_model.layers.25.self_attn.q_proj,model.language_model.layers.*.self_attn.q_proj,25.069599151611328,25.078125,2611.997507788162,1087488,0,4.754113993828058e-05
model.language_model.layers.25.self_attn.k_proj,model.language_model.layers.*.self_attn.k_proj,13.181180953979492,13.1875,4967.127962085308,135936,0,5.4786545480260394e-05
model.language_model.layers.25.self_attn.v_proj,model.language_model.layers.*.self_attn.v_proj,7.621622562408447,7.62109375,8595.09174782163,135936,0,6.227557466635761e-05
model.language_model.layers.25.self_attn.o_proj,model.language_model.layers.*.self_attn.o_proj,23.397552490234375,23.40625,2798.568758344459,1087488,0,0.0002797912046385819
model.language_model.layers.25.post_attention_layernorm,model.language_model.layers.*.post_attention_layernorm,18.713134765625,18.71875,3499.3789649415694,1087488,0,7.790393552166859e-05
model.language_model.layers.25.mlp.gate_proj,model.language_model.layers.*.mlp.gate_proj,19.438222885131836,19.421875,3372.691874497184,5845248,0,5.6852595325776825e-05
model.language_model.layers.25.mlp.act_fn,model.language_model.layers.*.mlp.act_fn,19.438222885131836,19.421875,3372.691874497184,5845248,0,0.00011463168320621951
model.language_model.layers.25.mlp.up_proj,model.language_model.layers.*.mlp.up_proj,7.907650470733643,7.8984375,8293.285855588527,5845248,0,8.506422223688114e-05
model.language_model.layers.25.mlp.down_proj,model.language_model.layers.*.mlp.down_proj,32.252262115478516,31.921875,2052.009789525208,1087488,0,8.937534805570069e-05
model.language_model.layers.25,model.language_model.layers.*,2914.74169921875,2922.0,22.417522245037645,1087488,0,2.524478076051214e-06
model.language_model.layers.26.input_layernorm,model.language_model.layers.*.input_layernorm,29.439910888671875,29.46875,2222.829268292683,1087488,0,0.00026832362869737053
model.language_model.layers.26.self_attn.q_proj,model.language_model.layers.*.self_attn.q_proj,23.892534255981445,23.921875,2738.2468974526455,1087488,0,4.844849414038713e-05
model.language_model.layers.26.self_attn.k_proj,model.language_model.layers.*.self_attn.k_proj,13.28762149810791,13.3125,4920.488262910798,135936,0,5.490931645052428e-05
model.language_model.layers.26.self_attn.v_proj,model.language_model.layers.*.self_attn.v_proj,8.151575088500977,8.1484375,8038.84180249281,135936,0,5.714988665784025e-05
model.language_model.layers.26.self_attn.o_proj,model.language_model.layers.*.self_attn.o_proj,35.08246994018555,35.03125,1869.8733273862622,1087488,0,0.00023487429418969196
model.language_model.layers.26.post_attention_layernorm,model.language_model.layers.*.post_attention_layernorm,19.60928726196289,19.625,3337.7834394904457,1087488,0,7.420546004246893e-05
model.language_model.layers.26.mlp.gate_proj,model.language_model.layers.*.mlp.gate_proj,10.998908042907715,11.0,5954.909090909091,5845248,0,5.618770486763257e-05
model.language_model.layers.26.mlp.act_fn,model.language_model.layers.*.mlp.act_fn,10.998724937438965,11.0,5954.909090909091,5845248,0,0.00011281510111714045
model.language_model.layers.26.mlp.up_proj,model.language_model.layers.*.mlp.up_proj,8.196475982666016,8.203125,7985.249523809523,5845248,0,8.301673079384646e-05
model.language_model.layers.26.mlp.down_proj,model.language_model.layers.*.mlp.down_proj,44.25639724731445,44.21875,1481.3625441696113,1087488,0,8.331544969533156e-05
model.language_model.layers.26,model.language_model.layers.*,2911.659912109375,2918.0,22.44825222755312,1087488,0,2.311547174499782e-06
model.language_model.layers.27.input_layernorm,model.language_model.layers.*.input_layernorm,41.22386169433594,41.21875,1589.1796815769521,1087488,0,0.0004067843453017023
model.language_model.layers.27.self_attn.q_proj,model.language_model.layers.*.self_attn.q_proj,79.22266387939453,79.1875,827.2012628255723,1087488,0,4.262646453490428e-05
model.language_model.layers.27.self_attn.k_proj,model.language_model.layers.*.self_attn.k_proj,44.078311920166016,44.0625,1486.6156028368794,135936,0,7.539672211331072e-05
model.language_model.layers.27.self_attn.v_proj,model.language_model.layers.*.self_attn.v_proj,8.655062675476074,8.6484375,7574.084914182476,135936,0,5.5047433792071156e-05
model.language_model.layers.27.self_attn.o_proj,model.language_model.layers.*.self_attn.o_proj,51.822322845458984,52.90625,1238.1145894861193,1087488,0,0.0001396634884536358
model.language_model.layers.27.post_attention_layernorm,model.language_model.layers.*.post_attention_layernorm,22.36268424987793,22.375,2927.5530726256984,1087488,0,5.90835294394965e-05
model.language_model.layers.27.mlp.gate_proj,model.language_model.layers.*.mlp.gate_proj,18.503080368041992,18.5,3540.7567567567567,5845248,0,5.272763348185233e-05
model.language_model.layers.27.mlp.act_fn,model.language_model.layers.*.mlp.act_fn,18.503080368041992,18.5,3540.7567567567567,5845248,0,0.00010643386580226158
model.language_model.layers.27.mlp.up_proj,model.language_model.layers.*.mlp.up_proj,10.753634452819824,10.7578125,6088.970225127088,5845248,0,8.052633593773769e-05
model.language_model.layers.27.mlp.down_proj,model.language_model.layers.*.mlp.down_proj,42.0242805480957,44.53125,1470.9670175438596,1087488,0,8.016177039667791e-05
model.language_model.layers.27,model.language_model.layers.*,2906.5146484375,2912.0,22.494505494505493,1087488,0,2.1177992370520823e-06
model.language_model.layers.28.input_layernorm,model.language_model.layers.*.input_layernorm,32.03784942626953,32.09375,2041.020447906524,1087488,0,0.00013462028719076448
model.language_model.layers.28.self_attn.q_proj,model.language_model.layers.*.self_attn.q_proj,26.21478843688965,26.28125,2492.423305588585,1087488,0,4.361630548265688e-05
model.language_model.layers.28.self_attn.k_proj,model.language_model.layers.*.self_attn.k_proj,17.84710693359375,17.84375,3670.9772329246935,135936,0,5.1778656708795116e-05
model.language_model.layers.28.self_attn.v_proj,model.language_model.layers.*.self_attn.v_proj,7.628368854522705,7.63671875,8577.505882352942,135936,0,6.500722875472914e-05
model.language_model.layers.28.self_attn.o_proj,model.language_model.layers.*.self_attn.o_proj,41.23991394042969,41.28125,1586.773656320969,1087488,0,0.00015748829869882415
model.language_model.layers.28.post_attention_layernorm,model.language_model.layers.*.post_attention_layernorm,27.154579162597656,27.171875,2410.7280046003452,1087488,0,5.3954004838158396e-05
model.language_model.layers.28.mlp.gate_proj,model.language_model.layers.*.mlp.gate_proj,29.53840446472168,29.53125,2218.1248677248677,5845248,0,4.971974471038705e-05
model.language_model.layers.28.mlp.act_fn,model.language_model.layers.*.mlp.act_fn,29.53840446472168,29.53125,2218.1248677248677,5845248,0,0.00011803607938455449
model.language_model.layers.28.mlp.up_proj,model.language_model.layers.*.mlp.up_proj,9.67096996307373,9.6796875,6767.160613397901,5845248,0,7.728396888876261e-05
model.language_model.layers.28.mlp.down_proj,model.language_model.layers.*.mlp.down_proj,45.3985710144043,45.375,1443.6143250688706,1087488,0,8.287807811376646e-05
model.language_model.layers.28,model.language_model.layers.*,2901.037841796875,2906.0,22.540949759119066,1087488,0,2.0218844165334193e-06
model.language_model.layers.29.input_layernorm,model.language_model.layers.*.input_layernorm,33.1460075378418,33.28125,1968.1953051643193,1087488,0,0.0005090832562740877
model.language_model.layers.29.self_attn.q_proj,model.language_model.layers.*.self_attn.q_proj,17.554107666015625,17.5625,3729.76512455516,1087488,0,4.9563024354813996e-05
model.language_model.layers.29.self_attn.k_proj,model.language_model.layers.*.self_attn.k_proj,28.74839973449707,28.75,2278.4,135936,0,5.733404311323609e-05
model.language_model.layers.29.self_attn.v_proj,model.language_model.layers.*.self_attn.v_proj,7.997435569763184,8.0078125,8180.011707317073,135936,0,6.588197191785935e-05
model.language_model.layers.29.self_attn.o_proj,model.language_model.layers.*.self_attn.o_proj,21.681840896606445,21.953125,2983.812099644128,1087488,0,0.0002782297113605381
model.language_model.layers.29.post_attention_layernorm,model.language_model.layers.*.post_attention_layernorm,32.2642936706543,32.28125,2029.165537270087,1087488,0,7.052424923096264e-05
model.language_model.layers.29.mlp.gate_proj,model.language_model.layers.*.mlp.gate_proj,30.86455726623535,30.859375,2122.661265822785,5845248,0,4.5914558416917336e-05
model.language_model.layers.29.mlp.act_fn,model.language_model.layers.*.mlp.act_fn,30.86455726623535,30.859375,2122.661265822785,5845248,0,9.242477017502778e-05
model.language_model.layers.29.mlp.up_proj,model.language_model.layers.*.mlp.up_proj,28.171541213989258,28.015625,2338.1238148354714,5845248,0,7.468900457251628e-05
model.language_model.layers.29.mlp.down_proj,model.language_model.layers.*.mlp.down_proj,72.09406280517578,72.125,908.2010398613518,1087488,0,7.504567387021242e-05
model.language_model.layers.29,model.language_model.layers.*,2871.52734375,2876.0,22.776077885952713,1087488,0,1.5730030565060756e-06
model.language_model.layers.30.input_layernorm,model.language_model.layers.*.input_layernorm,39.639923095703125,39.8125,1645.3124018838305,1087488,0,3.780003076640515e-05
model.language_model.layers.30.self_attn.q_proj,model.language_model.layers.*.self_attn.q_proj,25.64215850830078,25.546875,2564.0709480122323,1087488,0,4.905659410247545e-05
model.language_model.layers.30.self_attn.k_proj,model.language_model.layers.*.self_attn.k_proj,11.514021873474121,11.5234375,5684.414915254238,135936,0,5.354348940633852e-05
model.language_model.layers.30.self_attn.v_proj,model.language_model.layers.*.self_attn.v_proj,11.666460990905762,11.6640625,5615.882116543871,135936,0,4.488813600273436e-05
model.language_model.layers.30.self_attn.o_proj,model.language_model.layers.*.self_attn.o_proj,27.81985092163086,27.796875,2356.523889825745,1087488,0,0.00013058610983974952
model.language_model.layers.30.post_attention_layernorm,model.language_model.layers.*.post_attention_layernorm,83.79322052001953,83.8125,781.5540641312454,1087488,0,4.2467245932843296e-05
model.language_model.layers.30.mlp.gate_proj,model.language_model.layers.*.mlp.gate_proj,62.55583190917969,62.59375,1046.494258612082,5845248,0,3.889555646290599e-05
model.language_model.layers.30.mlp.act_fn,model.language_model.layers.*.mlp.act_fn,62.55583190917969,62.59375,1046.494258612082,5845248,0,0.00011631978404734798
model.language_model.layers.30.mlp.up_proj,model.language_model.layers.*.mlp.up_proj,50.086524963378906,50.09375,1307.6281971303806,5845248,0,6.530630454856966e-05
model.language_model.layers.30.mlp.down_proj,model.language_model.layers.*.mlp.down_proj,4413.54150390625,4420.0,14.819909502262444,1087488,0,5.413240640432311e-05
model.language_model.layers.30,model.language_model.layers.*,4437.2724609375,4444.0,14.73987398739874,1087488,0,1.1241216964787321e-06
model.language_model.layers.31.input_layernorm,model.language_model.layers.*.input_layernorm,41.151092529296875,41.5,1578.4096385542168,1087488,0,4.90105549886265e-05
model.language_model.layers.31.self_attn.q_proj,model.language_model.layers.*.self_attn.q_proj,23.916217803955078,23.90625,2740.0366013071894,1087488,0,5.0698655829754966e-05
model.language_model.layers.31.self_attn.k_proj,model.language_model.layers.*.self_attn.k_proj,15.419636726379395,15.421875,4247.473150962513,135936,0,6.586662554657635e-05
model.language_model.layers.31.self_attn.v_proj,model.language_model.layers.*.self_attn.v_proj,13.269786834716797,13.2734375,4934.968805179517,135936,0,3.7721380613579845e-05
model.language_model.layers.31.self_attn.o_proj,model.language_model.layers.*.self_attn.o_proj,61.767669677734375,61.90625,1058.1161029782938,1087488,0,8.722110118685152e-05
model.language_model.layers.31.post_attention_layernorm,model.language_model.layers.*.post_attention_layernorm,32.768096923828125,32.78125,1998.2154432793136,1087488,0,3.236166044299695e-05
model.language_model.layers.31.mlp.gate_proj,model.language_model.layers.*.mlp.gate_proj,18.351163864135742,18.21875,3595.4168096054887,5845248,0,3.5497584346968534e-05
model.language_model.layers.31.mlp.act_fn,model.language_model.layers.*.mlp.act_fn,18.351163864135742,18.21875,3595.4168096054887,5845248,0,7.103585442245474e-05
model.language_model.layers.31.mlp.up_proj,model.language_model.layers.*.mlp.up_proj,16.940195083618164,16.9375,3867.3948339483395,5845248,0,5.8737700747096183e-05
model.language_model.layers.31.mlp.down_proj,model.language_model.layers.*.mlp.down_proj,132.00634765625,128.75,508.768932038835,1087488,0,4.8037978708567255e-05
model.language_model.layers.31,model.language_model.layers.*,4427.6123046875,4432.0,14.779783393501805,1087488,0,8.709065703094614e-07
model.language_model.layers.32.input_layernorm,model.language_model.layers.*.input_layernorm,45.13259506225586,45.15625,1450.6076124567473,1087488,0,6.895316447086694e-05
model.language_model.layers.32.self_attn.q_proj,model.language_model.layers.*.self_attn.q_proj,18.75603675842285,18.984375,3450.4164609053496,1087488,0,5.233879926062411e-05
model.language_model.layers.32.self_attn.k_proj,model.language_model.layers.*.self_attn.k_proj,15.26547622680664,15.265625,4290.947799385875,135936,0,8.620056749653294e-05
model.language_model.layers.32.self_attn.v_proj,model.language_model.layers.*.self_attn.v_proj,23.266799926757812,23.296875,2811.70757880617,135936,0,2.3188367008592004e-05
model.language_model.layers.32.self_attn.o_proj,model.language_model.layers.*.self_attn.o_proj,37.066043853759766,36.9375,1773.3739424703892,1087488,0,9.458735940268485e-05
model.language_model.layers.32.post_attention_layernorm,model.language_model.layers.*.post_attention_layernorm,36.284488677978516,36.3125,1803.8967297762479,1087488,0,0.0005233112607498262
model.language_model.layers.32.mlp.gate_proj,model.language_model.layers.*.mlp.gate_proj,23.853090286254883,23.703125,2763.5174686882006,5845248,0,3.457965720883271e-05
model.language_model.layers.32.mlp.act_fn,model.language_model.layers.*.mlp.act_fn,23.853090286254883,23.703125,2763.5174686882006,5845248,0,6.967609454831109e-05
model.language_model.layers.32.mlp.up_proj,model.language_model.layers.*.mlp.up_proj,19.70012092590332,18.609375,3519.9462636439966,5845248,0,5.6960733709468564e-05
model.language_model.layers.32.mlp.down_proj,model.language_model.layers.*.mlp.down_proj,74.0108871459961,73.9375,885.9374471682164,1087488,0,4.701936331465905e-05
model.language_model.layers.32,model.language_model.layers.*,4426.54833984375,4432.0,14.779783393501805,1087488,0,6.426292974750432e-07
model.language_model.layers.33.input_layernorm,model.language_model.layers.*.input_layernorm,51.63250732421875,51.625,1268.8426150121065,1087488,0,9.933706131476906e-05
model.language_model.layers.33.self_attn.q_proj,model.language_model.layers.*.self_attn.q_proj,18.744674682617188,18.609375,3519.9462636439966,1087488,0,5.3002529818613256e-05
model.language_model.layers.33.self_attn.k_proj,model.language_model.layers.*.self_attn.k_proj,12.695859909057617,12.671875,5169.24290998767,135936,0,9.327524465798954e-05
model.language_model.layers.33.self_attn.v_proj,model.language_model.layers.*.self_attn.v_proj,31.059226989746094,31.109375,2105.603214465093,135936,0,1.6159728960984368e-05
model.language_model.layers.33.self_attn.o_proj,model.language_model.layers.*.self_attn.o_proj,63.708213806152344,63.84375,1026.004894762604,1087488,0,8.830110206589167e-05
model.language_model.layers.33.post_attention_layernorm,model.language_model.layers.*.post_attention_layernorm,40.905941009521484,40.90625,1601.320091673033,1087488,0,4.222937717795701e-05
model.language_model.layers.33.mlp.gate_proj,model.language_model.layers.*.mlp.gate_proj,25.45258140563965,25.40625,2578.263222632226,5845248,0,4.2920945339668785e-05
model.language_model.layers.33.mlp.act_fn,model.language_model.layers.*.mlp.act_fn,25.45258140563965,25.40625,2578.263222632226,5845248,0,8.5217685949711e-05
model.language_model.layers.33.mlp.up_proj,model.language_model.layers.*.mlp.up_proj,21.43117904663086,21.796875,3005.2014336917564,5845248,0,5.5170561654690464e-05
model.language_model.layers.33.mlp.down_proj,model.language_model.layers.*.mlp.down_proj,80.7470474243164,80.8125,810.5676720804331,1087488,0,3.735306770278818e-05
model.language_model.layers.33,model.language_model.layers.*,4376.1240234375,4380.0,14.95525114155251,1087488,0,4.143520246406248e-07
model.language_model.layers.34.input_layernorm,model.language_model.layers.*.input_layernorm,41.705989837646484,41.75,1568.9580838323354,1087488,0,2.0378062767395174e-05
model.language_model.layers.34.self_attn.q_proj,model.language_model.layers.*.self_attn.q_proj,19.07903480529785,19.078125,3433.4610974610973,1087488,0,4.0821347612743035e-05
model.language_model.layers.34.self_attn.k_proj,model.language_model.layers.*.self_attn.k_proj,16.94265365600586,16.859375,3885.3160333642263,135936,0,4.462724769092359e-05
model.language_model.layers.34.self_attn.v_proj,model.language_model.layers.*.self_attn.v_proj,13.9186372756958,13.8359375,4734.337662337663,135936,0,4.0514420187083314e-05
model.language_model.layers.34.self_attn.o_proj,model.language_model.layers.*.self_attn.o_proj,57.94586944580078,57.875,1131.8185745140388,1087488,0,5.66012538844735e-05
model.language_model.layers.34.post_attention_layernorm,model.language_model.layers.*.post_attention_layernorm,51.831825256347656,51.875,1262.7277108433734,1087488,0,2.7585102381167523e-05
model.language_model.layers.34.mlp.gate_proj,model.language_model.layers.*.mlp.gate_proj,19.292095184326172,19.09375,3430.6513911620295,5845248,0,3.2230948617825e-05
model.language_model.layers.34.mlp.act_fn,model.language_model.layers.*.mlp.act_fn,19.292095184326172,19.09375,3430.6513911620295,5845248,0,6.465140707637711e-05
model.language_model.layers.34.mlp.up_proj,model.language_model.layers.*.mlp.up_proj,54.932193756103516,54.96875,1191.6588971006254,5845248,0,4.536494418957318e-05
model.language_model.layers.34.mlp.down_proj,model.language_model.layers.*.mlp.down_proj,247.83395385742188,248.25,263.86304128902316,1087488,0,3.4588802575440305e-05
model.language_model.layers.34,model.language_model.layers.*,4253.59423828125,4256.0,15.390977443609023,1087488,0,3.6447631797091996e-07
model.language_model.layers.35.input_layernorm,model.language_model.layers.*.input_layernorm,46.32389450073242,46.5,1408.6881720430108,1087488,0,1.8053087518022778e-05
model.language_model.layers.35.self_attn.q_proj,model.language_model.layers.*.self_attn.q_proj,17.986499786376953,18.03125,3632.804159445407,1087488,0,3.802447144641882e-05
model.language_model.layers.35.self_attn.k_proj,model.language_model.layers.*.self_attn.k_proj,18.041860580444336,18.046875,3629.6588744588744,135936,0,4.102085043942186e-05
model.language_model.layers.35.self_attn.v_proj,model.language_model.layers.*.self_attn.v_proj,13.962628364562988,14.125,4637.451327433629,135936,0,4.025353187527255e-05
model.language_model.layers.35.self_attn.o_proj,model.language_model.layers.*.self_attn.o_proj,69.53010559082031,69.625,940.8114901256732,1087488,0,7.531039877484394e-05
model.language_model.layers.35.post_attention_layernorm,model.language_model.layers.*.post_attention_layernorm,77.54792785644531,77.5625,844.5318291700241,1087488,0,2.7285848141149293e-05
model.language_model.layers.35.mlp.gate_proj,model.language_model.layers.*.mlp.gate_proj,58.66352081298828,58.6875,1116.1490947816826,5845248,0,1.5489842009864255e-05
model.language_model.layers.35.mlp.act_fn,model.language_model.layers.*.mlp.act_fn,58.66352081298828,58.6875,1116.1490947816826,5845248,0,5.557956029399981e-05
model.language_model.layers.35.mlp.up_proj,model.language_model.layers.*.mlp.up_proj,79.16770935058594,79.5,823.9496855345911,5845248,0,3.750117803028677e-05
model.language_model.layers.35.mlp.down_proj,model.language_model.layers.*.mlp.down_proj,3378.71044921875,3382.0,19.36842105263158,1087488,0,1.848854080317751e-05
model.language_model.layers.35,model.language_model.layers.*,872.315185546875,870.0,75.2919540229885,1087488,0,1.8607475180620652e-07
model.language_model.norm,model.language_model.norm,221.11192321777344,222.625,294.2346996069624,1087488,0,1.0895923610920134e-06
lm_head,lm_head,43.96935272216797,43.96875,1489.7853589196873,80678016,0,1.2002129356256998e-05
